business_id,postal_code,stars,review_count,is_open
9enpsB9cGGzX0Log6Y8OrQ,85004,4,21,1
HBZd08iiOuIdZHyt4mRSSQ,85015,4,78,0
U1g7IHZcnRmOc2m3mvWNig,85016,3.5,210,1
_imnJaX4EG_BaoXMCyxFig,85040,1.5,,1
nQlMWmJ-Zp3Zcpr4wZoVcw,85016,3.5,3,0
XrHXxf9IGiZY9qnqpefgQA,85053,2,18,1
ZOQ7KCmeQA33hKtdmMVQUA,85032,4.5,7,1
_Fuf_7YczZoJhWHkjsi7hQ,85051,4.5,13,0
DQOmmI7iXUH5XryVtoIOYg,85016,5,82,1
ZXBrJx0Yd8lmvxZM5ZOIFw,85022,3,52,1
Gn06kr2XLQo_sIxzGkjIGg,85032,3,3,0
x3XQJ3f-UPR24jQ591R-Fw,85016,,3,0
9a3DrZvpYxVs3k_qwlCNSw,85003,4.5,2164,1
vYz5pcA2ivh6PoLJtE9KJw,85017,3.5,5,0
z4ZaBiHsVsxiF8SAv1Asag,85041,5,3,0
BNgX9JydW3AGYYB6k2sbNA,85028,3.5,19,1
EJoktI-Gyr6zSRyeCYcSsQ,85020,5,3,1
0Rni7ocMC_Lg2UH0lDeKMQ,85048,3,118,1
Bkkwt8E9MHvgCHn4lUFtow,85054,3.5,369,1
pNSHrFBlwWgTY9es9sdEWA,85041,4.5,8,0
Qk36E2wRexicmtcUrEyWsQ,85021,3,106,0
otlnxBQqCEmUmRONAB5elA,85029,,61,1
oEg1duFGiwMOE5PUu35wtQ,85020,4.5,6,1
ulvhY9bckuDWF8qey_yM9Q,85053,3,20,1
tfERf8uk_WKIyY3Us1BThA,85043,4,41,1
yXj1P-pc6CGDFSta-45L5Q,85018,4,241,1
1VQJyXwDakcHa-RZUCUe9w,85027,2.5,71,1
jZ_3vs_RtMrkZbol1U_U7Q,85016,3.5,113,1
yvkV-GRXNlHA3nEG05qo4A,85053,5,5,1
xm6OKOUnvpn58ejuY6-yQQ,85016,3.5,66,1
lbpr7FMsWJNcaOQDHW9Qng,85021,4,15,0
raVyoZbWWuN7JcFUdT7k2g,85004,,,0
SBDq5PMLK0-gPVl-lsLQYw,85029,4.5,7,1
4670Yw1xIefONEViw5NDFQ,85023,3.5,105,1
kQVdmKJ7yASvbcDvoNiWFA,85022,2,4,0
u4ihxqmtr1X230QA9ElJgg,85003,3.5,54,0
M_AuwEJTLUEIejktqmDWlg,85016,2,58,1
pdy6EAcJvZks1hKogxOj6Q,85053,4,,1
_BCwZIK6GYht9cM-HGLduQ,85021,4.5,11,0
TdsVQBxlPBdpQHzuGzLtzA,85028,,4,1
gjbtRs83TxePrJNNGyrJ0Q,85018,4,4,1
wx7fvfCq53tNFieI4FiBWg,85029,4,208,1
l-4NYOJ9KvXYgSe_tQVu-w,85032,,4,1
RdiW5_xrcLbwvG0D7I3cIg,85013,3.5,3,0
zSicVxnJHV8indit0oFuNw,85040,4.5,74,0
Jsfag1tWh3I408hDTcA7EQ,85013,4,153,0
w3-INmhtrrRQUTsNUshyDw,85051,4.5,7,1
b207RNqIAhTd4JsRsnXB1Q,85014,3.5,335,1
5_PpFtjeLq1seO84SapJWw,85021,3.5,,0
GmYOYKLbwOcfI2mUcfOFdQ,85034,3.5,29,1
cl52HltTt7tV5o6ANZq8OQ,85050,2.5,25,0
hb96ToDVKWQkAj5h-UB5Ow,85017,4,195,1
EwqExeH9wkG3NaUHV-OtBQ,85004,5,12,0
5mTbPNAl9ObpmI1lc7Ug0w,85016,4.5,108,1
kvqULv65K7Zie2cYv6e6RQ,85020,4,29,1
QylMuwQjVHo5ElzNLw9gpg,85034,2,15,1
2gzB4EE7B_QEFWZtJTG4dA,85016,3.5,59,0
dq36AQPI2QsydKLXTnzb1A,85051,4,11,1
CiGvnoHtvvzra2RB23lNpQ,85042,2.5,11,1
7ge2DIxgQAl20_wr4yUgsA,85003,4,195,1
2CWGr0FqPmCGoJA8mkXjng,85044,3.5,101,1
n62dcL1e8BQA1_kUEYrldQ,85029,4,161,1
v0TT3dcZ8OdTtaJEKxIcuA,85029,3,62,1
GqGeQYvcMQASrzPbyuJ1xw,85040,4,6,0
Zj3hKT7KlKSCAb4XCz4dgQ,85008,3,42,0
9QgkfSUUY5bq0rO7sAq0cA,85017,2.5,5,1
4WdOHSK1c3KeRG2nX85R1A,85032,3.5,4,0
3l5TusofKjr8rk6-DDtuoQ,85022,3.5,126,0
p7r2ZiCBrZ3S7mKpNoixUg,85004,1.5,3,1
fBtegqjUf8PxjlbxGZxPNg,85053,,3,0
60PisC_7NGkA8Tj1UGcpGg,85031,3.5,16,1
rdgMBpMVzjgpdZNazZlfJQ,85022,2.5,11,1
SgFJaawsw9ATzuUmS7ho_w,85016,2.5,46,1
tFcmrGLZNEymSnijoTPmqw,85018,3.5,258,1
DMyoxEaTGTakZxWgh1D5bw,85016,4,743,1
7JYjXxB9tnAeSn6-NNSq8Q,85003,2,6,0
FUfhU3aUnzTycLjRvImZBg,85034,3,82,0
#NAME?,85013,3,,0
4x55GDKIP4oHh7H2TKaaHg,85035,1.5,117,1
rBBAD_fHaYnqWC_APHO2SQ,85032,3,82,1
7ZV8nQj4a6wbVqLObze3DA,85018,4,37,1
Qb1amWCBTeBQQzQyrkyNAg,85014,4.5,383,1
bHqJQxPF-VL95tjAUYtK6w,85020,3,,0
ytd5Jjrs0iMpIL-r0h5EFQ,85032,3.5,12,1
DbuVGCty11JECsTX7brzhQ,85006,4.5,3,0
355zerURpj4IMs2no238_A,85022,2.5,198,1
Fs9ObcPIZ8YeOUI3RPi0TQ,85041,2.5,5,1
laH5gNcV5N-3zHuQu-GEBg,85020,3.5,9,0
Smdqo6eRtc6c4QL80RgDIA,85008,5,5,0
JUL-shf4reuif6Sc5QYWnQ,85017,5,8,1
rNNVuA-xq1SVEQaLzrK4bw,85013,3.5,85,1
0N98aH5-d3JWorzd3ivXiA,85016,4.5,49,1
plWuv4gda7m0KlqCNhrb4w,85004,4,1168,1
vv--IXro46OuHpYua5XYHw,85040,3.5,3,1
53BSdnhzcCBfBH_6TgX63Q,85018,3,238,1
qYNl7Qh-YetWdMQTzX-jZA,85016,3,53,1
liV3Ka7IdUVvPC92wjUrUw,85018,5,,1
eZhrK4eAn47tNEDXwFr8OA,85013,3.5,132,1
f0X3jm4H4pfBT_eZeneqoQ,85015,3,16,1
WrNuRG-tbOzcn3e8ECA43Q,85016,3,22,1
2iLeiQ4OCJVwfodR9egMag,85003,3.5,259,1
si6nnecyffD85-m_oDolbw,85007,5,,0
gnVN5lzHX4n0Nd9ogoHQNA,85032,3,38,1
YDZRlB762hEebm2OyZISiQ,85013,3,39,0
CbpQD3NxSEoN4v7VDXYHAA,85048,3.5,22,0
EkVknA09dX93AX30-_Ew_A,85053,4,8,1
Lkq-3a2oZUPDSUWBRzUXWg,85042,4,41,0
VIDVASjenNoR2UHEo9oQug,85003,3.5,40,0
9NDWU7w-Pau6gZwAxnJucw,85008,3.5,6,1
AheA5X4tjY9Amih0yQ8wIw,85048,4,23,0
MFgm3Hc-348wR9xfKP_Zdw,85015,4,,0
#NAME?,85003,3.5,49,1
ovAZ98BAEuTcVoCD7ipHFw,85043,4,6,1
GG9C8XV4qakEehp30bPfvw,85040,1.5,5,1
s9n4QJcwjmKAtncXTq35fw,85018,2.5,3,0
sXoIcZlAQdQS08IqRBL0dg,85048,4,127,1
PtEjNgkWfLk5GTGa4hQfxQ,85015,3,42,1
a4L-Fy0agN3RNM7O49bIHA,85018,4.5,319,1
fHzQNceJdG0H4HNddY8MVg,85015,5,9,0
kX7WbqeZX10OjAFjWoe6ww,85040,3,19,1
CIxdc0XIFOf2NyuZga8x1Q,85013,3,28,0
fbUKZMGNdzQbb3zksGlQXg,85034,3,10,0
07wrZtaTar8BjJVZlFdYDQ,85004,4,4,1
cE9mrmGoSRTH3FkIS63i-w,85006,4,37,0
01cFftHZc98jNJfJrLEJ5g,85044,4.5,149,0
QcTTRBfrd0rMzzuCDec_Cw,85004,4,,0
k6iLobGzXA1Pd4hEvSXVnQ,85043,3.5,41,1
l7_pJgcg2onEj5QHWzVFvA,85054,,46,0
yvNwuGauuPn1U9bIpyVlHQ,85043,2,,1
pPJeXGmJWhdRcUAVyk623A,85033,2,4,1
hkmaUwfNQtFAJFpxYOHBkg,85016,4.5,96,1
yujobFgjCAtqsIjBn8w-Ew,85027,2,3,1
#NAME?,85042,2,,1
DCneGyZ5H_uxliaMHI0lYg,85053,4.5,164,1
npoCLZID4WNKV5RtJijAKg,85016,3,70,0
j5kUniYLixwp0WROjN1a1A,85051,2,7,1
pAZg8P87w88ZrwkoivUXGQ,85027,1.5,5,1
7_1W86xkmLyBtyEdppLcmA,85015,3.5,29,1
omU26JKzbqXhugm0O2U1mA,85013,4,309,1
MQC_pj0oDtENPFP8nhoh2Q,85041,1.5,68,1
Buoax_u7glzilOwKEwGlAQ,85017,1,3,0
OLqtlmCXMxYBoaz4XOSovA,85042,2.5,30,1
lfyg98UFNYMVk18p6LIlkw,85024,4,376,1
qUrjlSVbHr6ZB7Td46hbMw,85018,,66,1
PBsFm2VoOQIglTjqwKgYZQ,85034,,3,1
m1Y7O4CZqIYpSogrOnB__A,85017,,3,1
Oh_mShbdmaoRX8iZVdE0vw,85032,,8,0
FIsikYUtIBJ0BKT_Ig-GhQ,85006,3,29,1
SSFI9syOoz84W9UnptYEPg,85040,2,46,1
w-zZEx0WWguQApPmFN7PYQ,85029,4,83,1
0U0odWV4aGw2k-bIUKhO2w,85040,3.5,18,0
1GWJWh9WGytmkXKdkXx6Hw,85006,2.5,14,1
rT8DwZu7pvuWKRM1nwVuug,85020,3,40,1
nRsBQYkrsNQ_q78HTefNVQ,85032,4,5,0
TvRNDo_SfRSmTO2q6j_rFw,85008,3.5,8,1
QnCsCbE7EQte_MDWLO1gYg,85048,3,29,1
656XUeBmMzyvU62yYHptxQ,85032,3,5,0
53jjJCXpXSRaHfu_ZJePRA,85016,4,148,0
dpywCoS-f8HcBiSTNcMJrw,85034,1,33,1
htNNxttBjRmRnP4d0XFl-w,85018,2.5,37,1
IZDGxg1vdlK0-TFQ018-Sg,85017,3,20,1
aJR1iUWwNVBM692gq7adBA,85034,3.5,146,1
prcrTVScKNTfSu0wcle0DA,85032,3,88,1
MFbyWskON6pqRp5-K4hIKw,85016,4,190,1
4aFfEgg0o767WtN77AI_Ug,85014,4,129,1
pxWIaIlAsDWk6Rk-EQczrw,85019,4,16,1
RN69eCpdltAJD9q3SF8Kfw,85019,2.5,6,1
nPNWTZRRZx9nBNivg_JlOg,85040,,20,1
tV4di6DmjOPAcmdfIIKHXQ,85053,2,8,1
5ZY9r_t-wWEiSDmNH38ndA,85018,3.5,4,1
#NAME?,85016,3.5,16,1
46wGC_Xek4bWxx9dQvtlDQ,85018,3,56,0
k1bwHg1izaXnUz67pSx_zQ,85012,3,44,1
#NAME?,85007,3.5,46,0
pxqP6-_odivOQCVFnuAEyQ,85051,4,10,0
6nbmlMVmbifIjrEEbCaA6w,85051,4.5,335,1
OK7sQsW9IkaRUOcdPaew9A,85042,1.5,7,1
0l8vLLjY1kDzFzkDaDAfWw,85033,2.5,3,1
HGvNE87fvK5PwKMZBDkTbA,85014,4.5,746,1
sL9eTl6IYTErwtdyQSggCw,85013,4,45,1
VZkIgQTE4M2wePpHUs2XHg,85003,4.5,6,0
BWS7gSVFPTbQw_FQXzO4og,85014,2,27,1
RdK6dhy4lOb2taNp-WrHjQ,85042,4,72,1
8XNpKETQcSLUPAROULyrOg,85008,3,46,1
E9IPxXY6pS2gTW2FBkAJmg,85004,3.5,824,1
F9cXFXk60E2sz_YTSCFp_Q,85032,4,188,1
0EJUqiTDtIRjEepv0gRjqg,85020,5,3,1
XvEvKbOIqbRgpjSFvB_89g,85035,4,20,1
UtWd3LMEktL51UJyUwYwjA,85009,3.5,11,1
l1yQDLp2ZErFhvDiJCjlKA,85040,4,5,1
HCsceGqc3Y3SiUxcpzNuDA,85014,4.5,15,0
emSTCpU-JIOw2-KfqverpQ,85051,4.5,18,1
BvrG8XMpTtlJYWhOCbnpaQ,85015,4,202,1
dRb2Xq8jorJV6tDCgmaQUg,85022,2,8,1
Z5CB1ohc5cWdPnWFCBCOHA,85013,2.5,32,1
VtKYA6Fu1jTDrEhDHRlUvg,85020,4.5,117,1
Przkeh1xJn-xwJWK95ceUw,85022,4.5,85,0
0MVUQtakauK3qKqfIcQWiQ,85032,3.5,40,0
SsNwqMQl0tQrZ5MvBVnceA,85021,3.5,11,0
zqXHlfyxIeF67Ah5bXfUCQ,85022,2,6,1
Xg5qEQiB-7L6kGJ5F4K3bQ,85034,5,,1
BWVMaAZS6DMVk_wU9jVc7w,85024,2.5,31,1
LcNjrj5njXuZS3QywHj5bA,85001,4.5,23,1
ujsqYa1yxduuB4wc0ASjMQ,85023,,10,1
fseN-tYwcbjtYm7DjjEjLw,85032,3.5,108,0
g0FtfLg0yaVb6BNIqzbbQg,85044,4,3,1
A9aksp-YGK8FsCN9bXFLrg,85040,3,22,1
zYZPpOqo_2YrLJLOmjlgPQ,85032,3.5,182,0
SMXmELJ8jFBPDq3VWRlLeQ,85053,3.5,218,1
oqZeUJ5glR8VMmXT6cWX9w,85016,,56,1
pbZ2N1b7qxmzEWXtyZrk0Q,85053,3.5,44,1
Fr1LlI9nCVBYD5-vc6cWyQ,85022,4.5,106,1
DVqWNCFofSzB5Cfv_y_vUA,85003,4.5,26,1
cvu61K0_g7ZIpaEPCiaNcA,85029,4.5,382,1
dHTGzM4_3kKEiQvab9mi9A,85044,4,159,1
OPPgxUzAx44Qdx9qsOZgqQ,85022,2,20,1
nVGPxMooxSiaSH_wHvcRbw,85028,2.5,36,1
1HBGDxbqay9AtDbTXn7Npg,85004,,5,1
Fy4AmYaVjiDJBa0-PtJwSQ,85032,4,9,0
cTkya76AXsXylIyl5bFn4w,85035,4,66,1
ylxqmxh2gO1yCpQkIk6o3A,85044,,233,1
oXBe3xObDQ0HLr8Ie2F6WQ,85017,4.5,7,0
a6SqJZTFMpSOR6Qb0STyFA,85048,3.5,207,1
siXCBrVFOXicbM2R-33-8w,85018,3.5,404,0
lgWB0yGXpZvupYREWxtV7g,85012,4,509,1
W7Dt3b6H_pMIHfxn49Pkzg,85085,2.5,315,1
FeNb6ITe5qVAZWz7SsTsXQ,85032,2,4,1
5TFiZOGlhyYdZ5U67QWReA,85023,3.5,41,1
MM572Htt9k_e96IKNyCEtA,85054,3.5,89,1
HlwbuZnJubtHBfXlxWDXpw,85003,2.5,12,0
SyZrGn035h1QgA9CY0eq2Q,85050,3.5,19,0
E25-2ssHwsajyGtsllMXaA,85034,3.5,447,1
D0k6_p4thgDzs98fSjeKtA,85053,2.5,11,1
2JV0xGXsszojof2BuEt_hw,85024,3,84,0
D6wPh8EcJqiL3Tbc4iP1ug,85051,3,,0
VasgFCcYS8JUIdqb5KsPAQ,85054,,217,0
ptaEu7aKv1ThePlTk6fyAA,85012,4,14,0
qYj9gWy53xV-AF8kFftsiw,85016,1.5,3,1
EsJ_iCNSHu_8N--XsK9Rjg,85020,5,65,1
9Wh8GuOO9cbXKd89WAICGg,85041,2,29,1
w2_XqF8GHV26ZUKaV3uW-w,85023,4,13,1
w-q9UTLqk6njQWOJEWelwA,85034,4.5,269,1
nXKaLgLuLs2-S8_O-V09-A,85013,4,236,0
0NpsHL0fzaqG3WFu7HS3pA,85015,4.5,4,1
wBzDqG5KTZt390PObwZm4g,85029,4,7,1
cGZf3x00f3eH-EOJdAhSKw,85042,2.5,6,1
p64mw9sYIPtazkwXK8yhWw,85019,4,12,1
EFHpf_-SPzShCYiS-nMPWw,85027,3.5,3,0
0P7gYbegHEH0lFkwBoA0og,85085,5,32,1
qL2v4PZwTR_oefKYmfvUoQ,85013,4.5,16,1
HRghNZCxQm0UGgvu4mk33w,85016,3,34,1
cLeH08WoBoozrRco89i9Nw,85029,4,22,1
58ZoYIdM9trgdQgXLwszqw,85018,2,43,1
qjjYP_3McovO_bsg9nOl6w,,4.5,32,1
zPAMOTc_VEfgPxseUtWw-w,85003,4.5,10,1
rca1HN4qRsZfmpxmlFWNDQ,85008,3.5,16,0
sWqnNbBBTLKkXsHsdv61Cw,85021,4,15,1
smIOUyPwm3Nu8vxH66La9A,85014,4.5,127,1
Qb1tuREKTsyVKO6DiDQXgg,85083,3,174,1
OrZqdidKeZVHic9Ef8omHA,85006,4.5,38,1
eal1BQiHt9DO9t-LsAtWWQ,85017,2,,1
PW3EHPvjc3lsnncvx40Y7g,85051,4,10,1
NhJQOWrGwcFpbvnTScoY2A,85053,4.5,3,1
#NAME?,85040,3.5,46,1
H58PLS04PXaNdBxyE4yDWw,85016,3,11,1
0V18KwdtfsdrIu9xyO4GLg,85048,4.5,276,1
JUnRWQhMKAr7-thch2NiCA,85013,3,23,0
g6VqLCFfd4avtChEt-vMlw,85051,2.5,41,1
PUBa8BIIgkfhgE1aucXl3w,85029,2.5,5,0
q4i-kcryM2X8VXWQcGbiSw,85022,4.5,81,0
EEGajOchS2BIZNvJcPK3uw,85018,4.5,437,0
zo4bIWOI9dDwHK5utgRF-A,85029,3,43,1
cCV0q8VV5RZIfcvolWXlBQ,85014,3,37,1
BHAIidO5o16UpCNY3qTICw,85009,2,21,1
#NAME?,85051,2,11,1
4p6Wce7Ed707QS2-yQkvZw,85018,3.5,380,0
HcfEk4K01Owy5pzdPWMVkA,85003,2,7,1
Yv8VpV7fKZqVpwC3NBDd1A,85018,3,7,0
v04EmZIqReWVD_Ri3rofUA,85022,3.5,56,0
JTl1nXrukJTScI0Uz0x2Fg,85008,4.5,277,1
3n86SpBQ0COOW_2sDRStoQ,85014,4,8,0
0q8A_jB8ft7vExBQpxL2lg,85007,3,10,0
Nt0ILbydRyDbE3BPRZCrew,85017,3,3,0
_SQvOdb33mhlNJZYEYUKxA,85007,4,79,1
0Ryxx6uSpt4TOKYVGBekLQ,85051,3,172,1
wOfoU-QWGudP8kmBDNwQnA,85022,2,43,1
0vYwOmTitx-Qas-jjW3nYg,85032,,5,1
s1zfzxSH0ms6ZjpB01FA3Q,85020,4,7,1
2JUDgnmoLDxD97gqmand9Q,85016,3,145,1
1rbb8ntTOpSolQv60CGcsQ,85029,3.5,81,1
gZDFzZor5yKbYuosvGa9oQ,85032,4,281,1
SxqNnm4piAlFNNiBaXM0kg,85020,4.5,194,1
jgBL42OGQp3AJHNEX8VuoA,85043,1,6,1
KGiObVBRve0oEyMBfOywcQ,85016,,20,1
PSY6Fpn6QRC-yWcz0Jnm1w,85016,4,75,0
VINE7iA13oerzpSvnh40Pg,85041,3.5,27,0
xFX3mg1MGCV9AV45CDd6FA,85022,3,5,0
C7BtTu6eYw0s2-K-YKAQew,85017,4,33,1
VZYw8bWXNDUkfH0G3BUuAw,85017,3.5,13,1
aM4n0rxb0omPJZj-_q3pbA,85018,2,18,1
rnCkjgSojs5wqCaeyKoAVg,85073,3.5,45,1
J6s9Tn0yOlch5SxjfawvNw,85051,4,3,0
6toLWc82vm5t2sJWCkA5IQ,85019,4,6,1
8VZaWX0cLcm_vzJNvgq-KQ,85004,4.5,65,1
NihPkBRdA1AixuE_98tIrg,85012,3.5,41,1
otgya1AOxSwFodhMfa2cNQ,85023,4.5,8,1
Tc1ly-0VLk3AaoMb7CrlVA,85034,4,370,1
Z4VykZKA5g5srC14QIi4CQ,85012,2.5,3,1
IsIKU8ndr3aU5sFTb4LuPA,85006,3.5,35,0
CZ1ENA7FLjJpMAi2WlTmhw,85016,3.5,3,0
4_Ye_9x3dyMK-cfCBZrBRg,85018,2.5,44,1
b9kQOV8VK_ecGYVoIQiHrg,85004,3,5,0
eZqoDfBg-xOS8WdcZCYM2A,85040,5,146,1
pEFO_hU3DNA61XnIpVGkJQ,85044,3.5,85,0
Vz5xew24OMNVadfGDOCEdw,85050,3.5,49,1
EFdfBcpAkBIvDW4RolgEiw,85004,4,44,0
cKRMmytHxaSt8F0SMEzKqg,85023,4,292,1
NXWWlAJi2kDltKRiSzAk2w,85050,4,113,1
R8ior7Wkm44dBRlFIhUVsg,85019,5,11,1
v44bpuCu4vM4AmD0_2K1QQ,85034,2.5,16,0
MohKYQNpUVYFAeTkOwvUrg,85028,4,,0
xYdhpC7fPowmzJnKJY_4FA,85040,3.5,,1
#NAME?,85017,3.5,8,1
DmAKN7KxGLFXGqAk23EDHg,85033,,4,0
QLU34OSLDiCG7wu6OrjqCw,85041,3,54,1
ygTI0aVpnWq7SrmR3pqgOQ,85004,5,7,0
7K6FmmVrwK_CkVMsqhU7bQ,85032,2.5,10,0
dmPcvYgCYW5WYCuIk2DWXw,85027,2.5,12,1
0rjU_WK5HxoH1fIuEpTpcg,85044,4,364,1
I9nziYEw4YIFjr3ZDBpFog,85014,4.5,198,1
NLNo0mfW7VmQic4tIvPQZA,85020,4,8,1
CezTELfonypfkhUxzgJ2Mw,85015,4.5,3,1
cWjHc-Fs0yXT7q5gCzAeTA,85033,2.5,19,1
125MmR3F3zOd6DAHkIjlog,85032,3.5,7,1
tnsYhfPdHo-ekvD6GL6B4Q,85017,3,37,1
fbLYRHIZAt3q839whhaBUg,85032,3.5,424,1
SaTA8vxwlX-IYKRRRQbxFw,85027,3,17,0
JuMtRdolJCRXZDvA-1Thwg,85004,3.5,15,0
QkG3KUXwqZBW18A9k1xqCA,85035,2.5,59,1
sVv9E7PrAMPD9zjSHj21XA,85021,4.5,112,1
kSsT8NSjROsGBuSRa0oRFQ,85021,2,7,0
G9-O-eRMtgsw_pfWXVCEfQ,85018,2.5,,0
Kz4-pm0IS_UplI6Ii6PEfg,85032,4,5,1
W0S5mXOSGHUiOAW12MQzbQ,85042,3.5,5,0
FirWX-Ep5203TsdiGgShKg,85014,,692,1
3or2ilJnbXf941bmPmPiwg,85051,5,6,1
Ks13abA-KZWAA6FMQagQmg,85020,4.5,149,1
JYLwnsfl6OaF5-GCYRNGGw,85020,3.5,14,0
v8tPv4yFiZMGot4m9_EefQ,85009,3,9,1
OZC42gnhlJ_auXduDRfMoQ,85004,3,42,0
GGdRtmvI2CbRRlk93ZbO7Q,85016,3,3,0
UESdOMLsXn_7WcwOZt7I3A,85012,3.5,526,1
MdQ9jsHHh1szdYKb7W1sEg,85048,2.5,5,1
D3dAx-QW_uuClz4MambeHA,85018,4,939,1
rZy_R2plYStLFyZR92WNZw,85073,3,7,0
jZVqBJhpmBwUKsfAEnvjcQ,85016,3.5,76,0
6CPdIWgbsyd0yX_QSInURw,85051,3.5,20,0
XRtelzecxvhGtG4h7Xdxsw,85023,3.5,10,0
KOJvBY-nS3LObzl6lCF56A,85018,4.5,22,1
xOcJHzV3X0lKHN9LcBpvqw,85015,5,3,1
VaEqjAeKAm_iUnOpaktyMg,85034,2.5,84,1
saclk7OIubl0zzcXm3xlSg,85022,4.5,3,0
FVgHb9w4pnkRBV5bZYJaZA,85051,2.5,69,1
JyOyefWjFt0q9KSu-IO6Kw,85021,3,5,0
8vA1d9_w4hBjOcrM7mNWFg,85044,3,36,0
HPEGjUYP-2P8vpsSoqIWrg,85004,4,53,1
BJRZ_7NSFU7xSrUQh1dVdQ,85007,5,,1
LyuDnoxI8yiPPmwcF62bfw,85013,2,40,1
IAj7fq1DWA0hakxTS26AGw,85054,4.5,61,1
xZtKQ6AFLh9P7rfmjvVjhw,85013,4,538,1
_jGyZz4v9dedx_LIdJHulw,85013,2,47,1
ps8lgiZlaV3pir3T0qVOyg,85034,3,4,0
#NAME?,85048,3,288,1
19RFEJnuHCo03LsHzKiJcg,85301,4,13,0
ryozSJKdiwD_knRFasIyhA,85044,4.5,103,1
brMQVzeWvX4gwiJbLC5fEg,85016,4.5,12,0
SKdKt0QS16YsFCpun-Qp0A,85029,3,28,1
n2tiSHECXkFv47aIkxvSDA,85020,4.5,375,1
EWfR5lG8YnVObAhC9Ve0mA,85050,4.5,13,0
tCkd8eAx2mR0oioQcqkxPw,85013,4,208,0
5D_6yeo4z5UyKxNVwecIUg,85085,4,3,0
8FtVVxG4ovmIlvOCtKziZw,85032,2.5,5,1
9iy6scMRbs5ue41XRLGEkw,85016,4.5,176,0
zJ__js7-Cx_wU4GhdBdeRA,85034,5,163,1
wsj280sigPzqVgxzNpac9g,85027,3.5,8,0
eNcYNWN1e5zgIwxebVV6PA,85034,4.5,78,0
#NAME?,85023,3,30,0
6xLwHi5IQMjTMDAfOCBt1g,85040,,14,1
k8SjEK0p8EQ4yKQqcUk65Q,85016,1,4,1
XpLjBU4KJ0HBOeFRaWV8zQ,85013,4.5,107,1
6UhCuObwzhEYOmj75T7Nzg,85040,5,5,1
-3vXcKzJA_kVZDM8Yn3w_Q,85007,2.5,7,1
rrEdMe05VYoLju96bA_jzA,85085,3.5,62,1
9EGgvZ0M_lMzONlIhEPj6g,85013,4.5,,0
sh69ApUyPhAltAMpv5vX3w,85007,4.5,143,1
s2xpXws-b-bSIpWIssvH8w,85032,2.5,30,1
LJM2jAOEnCIV2RqtC23ApA,85032,2,27,0
#NAME?,85006,3,4,1
fziDaaN8xBqCorGNiNGPTQ,85006,3,17,1
PIUKGVv9h3DHB1UFpSEq2w,85009,3.5,12,1
H_8s_q1voT45Dg45XN5Naw,85013,5,,1
OErw2LJmXex7sNOdsKE7QA,85016,4,100,1
LiBnff-ZuzW16zIvZgFOfQ,85003,3.5,198,1
UoLOE3b3iL_J-D1b8C-QfQ,85018,4,11,1
9h2FCxdB5uk4bjX3P47L9g,85085,4,95,1
4QBl0ksgIjdr5loP8IVMhQ,85048,3.5,3,0
MvVCSyFIpmKKV8URk0HWIQ,85044,2,22,1
N-tpz2XtAPreL5wnFjKGwA,85051,4.5,35,1
6QRY4tMQdHFOe2-_CUHMdA,85018,3,24,1
Bq0LXZcOrZdkeM4kCy31lw,85051,3,5,1
TZl7YBuzo5awZP8QJDLg_w,85014,3,111,1
PFjw4FudvsC5PgbmBx3PFg,85015,2.5,18,1
ErHMVkPstNyefb3ZU_z1Cw,85013,3.5,278,1
5cFGfnrVgmK-jqQWlq1Xrg,85022,1,3,1
wqqpciqva5yN-c72SmvaOw,85031,3,37,1
N8LtpFtGxvJ3oB7sP8z2sA,85021,2.5,3,1
lWs0O7qTmpPBF0vsfo1pkA,85054,4,14,0
C3wJKa9_Y1e2F7OXCwIoqA,85004,3.5,256,1
niqIaJy9UXu-DS7BIUvUoA,85029,3.5,115,1
1CqDdPrrb0xvQpgu7fhI5w,85085,3,266,1
8F9C5vhDlYphBWELUgLkvQ,85085,3,94,1
hiMdQmnVXgp7DTCCj3pwdA,85085,3.5,69,0
8jWuRoHUFCXPdGVIYHTg5g,85051,2.5,11,0
m1Y47fK3vWCJXV3TdCn_Xw,85050,3.5,,1
FOQVf-2qDonHgsmbLrADUQ,85021,2,6,1
o53qYN7co-1hu5LgZmsP4w,85043,1.5,14,1
uWTMa1_JDJRHE7TAKmw3ZA,85015,2,41,1
f4XAI1R1Mn18N3X0yEFBgA,85008,5,9,1
He6g31ZW88yPsCE-Ikr7Og,85043,,13,1
0LmDg_Y6Ht3zFqtvmLhp6g,85003,,475,1
rCJ6qFo_liwGPzbupkLhhQ,85015,4,137,0
V1wBDq0zqq2dlyQvzD5PaA,85003,3.5,7,0
KUq5PFdHvbvVj6ubJ311rg,85020,3.5,3,1
3KrZFsROpOTUdPz8MwXPuA,85022,3.5,3,0
AfuYockOIOH9WsDJHRvVlA,85018,3,27,0
AhPmh0NaRDbEYyhd9egzLA,85012,4,1192,1
v1cbdKF5EjgWSwutjzg-WA,85016,4,26,1
hEcn9k6ONd5n2mq0lB2aew,85051,3.5,48,0
06-CFHS1kbVMMxCP6koctw,85021,1.5,5,1
MgbjD3OrQpFRIop1jQ9NvA,85048,4.5,50,0
I-mAeig_boXbrDzoIGD3Vg,85017,5,5,1
5xCeuEI7Einoi5xYsNuDCQ,85012,2,199,1
#NAME?,85006,4.5,687,1
tp-kxTZx1ogZm4oNu6d-gQ,85250,5,11,1
VcJUwtuimI07KQwOc1wEcQ,85022,2,4,1
Jzz-ZLXsd2ClSn6UyFcbpw,85003,3,147,0
#NAME?,85004,3,59,0
myw0csRck6XG4w5Z-EFyqg,85024,4,228,1
te-KfKB4ffz2pJiYovC4-g,85018,4,3,0
713OXvNvfnfPOGd0po9rEw,85008,1.5,3,1
hhhHgSaSl6GLtuDoDrMUZQ,85012,4.5,182,1
XGp0pViQXgtZXpsx6ofTyQ,85016,4.5,65,1
qQP2bCj8H8ddp9QG-zRZ-w,85040,3.5,,1
m1BRMnrel42nz_qIPSBO9w,85044,3.5,172,1
2YZTrnj6XdSUz51KT7yo9A,85303,4,54,1
2zBCxn7_jHcfxoSjBdHJ3A,85032,4,254,1
cvXfM26Sw9Zc6w70kwcbSg,85044,5,5,1
UNCGZu8sPnPdZSV9CaWMnw,85034,2,6,0
88YhJ1Dfh8Y3uD7YoAxfHw,85013,4.5,,0
NWlNMG_eBIvDjCcHK46eDQ,85032,3.5,250,0
d7dklIgsXNOj1hWAKcUvNQ,85004,5,35,1
TH_Vr8_LCnAXFDUqSkF-HA,85033,4,373,1
RQdKieW9hqg898d_S2WwRA,85016,3.5,108,1
m-dhoSt3TrHh2N5yPzYnsg,85028,2,22,1
D3tXmFzqLD3mGzYnp5vp7w,85003,3.5,168,0
6MhY_9EkUkKCvvN8rzXZzg,85006,3.5,110,0
R4iTaNzhvnOpUWPzmTs0ew,85040,3,5,0
hKFF8inOc_bK0P7bZBv37g,85028,,5,0
xJ8KByAD9p-laEmW1to_vQ,85054,2,,0
rIcEm0o8Xk413HWD4-f2QA,85054,3.5,325,1
F2F6rJ_SPo-lUhJ_AmufLA,85004,4,167,1
X1r8ugVdi4r6siqkNmIkkg,85031,4,24,1
dg5cg298SXZVMo4ZEwSUtg,85016,,,1
HVd-eGWTnjNYPpgqKt7dCg,85013,4,101,0
i57pboNTvHTaIyKOx2p-9Q,85032,3,16,0
xePudDnTVh8CART_p0nlxQ,85048,4.5,3,1
lrAUseySfmFeZkWOGfsKnQ,85001,4,364,0
8a4ScB2OYz8uVtp1PWP5jg,85053,2.5,33,1
wik8LiLFITAiJMuI4mSTAA,85004,3.5,42,0
kKn6kPYSKPHpoo29HehdqQ,85034,4,4,1
P4atiaghQt2lnMUtO-SLwQ,85018,3.5,8,1
3x45Q9c5G6VBicedNKrXxQ,85044,4,373,1
FOAAgwfA_1sLoSBB1RcJrw,85283,,17,1
4NpySSkznGaRVye30Pvdzg,85004,2,48,1
XbVsOg5_5zSjWPaxMQgKIg,85018,2.5,41,1
utIA0LyQmwP-9DRyxUe6qQ,85016,4,3515,1
y71Xmo4Bs5QLNv_6zFl98A,85004,3,,0
tVVFXukrk_rzLhv00jhKDQ,85029,3,97,1
oVmk03sRsExksDLkhIezHw,85020,4.5,26,1
NxK9QTPyjeG2vjs2yODh7Q,85017,3,4,0
ezrNxiPJUYLJpDtTQyj9eA,85040,4.5,65,0
QfdcFqAft-M7KSSQZwJ20g,85018,,3,1
WgGNZa75htj-syT4DFlQJg,85022,4,84,0
yIiply1esvaWxY36vdh3wA,85034,3.5,83,0
D0pOQq__SzBet7MyZ7Zd7g,85027,4.5,19,1
OakuTKC-Y07mlZjw2ZcjgA,85073,2,3,0
6BjIGgxIkCks3NTpkj3fAw,85004,4,23,0
3HVbyqNpCbKWZ5ZNRIpO-A,85016,4,104,0
V7J2KXLaTX6d3oKnWxRYqw,85003,3,65,1
UD-MGa52sWJLeElUZDTRPA,85051,4,4,0
nXQWBN0ojBqg_HXh0J2AFA,85020,3.5,5,0
TfS_zwQtyjiQU-psh2dISg,85012,,34,1
x8Sp-h-oR5WdzoG5WEsHnQ,85032,2,45,1
Id9B3nyNBtdQvJeZ4D2ZUg,85048,3.5,17,1
3xt6jDM9WMR5F7nxerH5Ew,85006,4,5,1
EjAJaNB7cr10jDE2FdMRZw,85024,1.5,80,1
oL-TGyXWfpgr2YR0uTc0Zg,85034,2,55,1
pwcxRdU_8xUVfhKlXsDHyg,85037,3,22,1
yfMK1YGTDsiD-fE5JJtzWg,85028,3,23,1
akySq01rZ2PRBBrafMfLuw,85004,4,6,0
y43u5SPsQ3coLrIFi6hTeA,85004,3.5,6,0
5OZS7Sz7oX6XBL7KZE0G1Q,85013,3.5,97,0
UVyPQEYavZuj_CBarfWeFg,85003,4,228,1
xywadi1Prn2yEolyVoss6w,85016,2.5,11,1
fDe1ZAfFfeV70ngBdG9gog,85073,2.5,29,0
1JmSxEQZQn1AitoNHxvHBQ,85044,3.5,37,1
0KpoeCt1E-SQsUBwtjLAEw,85004,3,25,0
yMwsq6AtKjl2VKejZIzjgg,85020,3.5,17,1
bASTlm60RqIksYEmUgDFDQ,85032,4,98,1
0cjSdDntuRKGqt5ek_QzCA,85023,4.5,9,0
f8UI8X50UbxVjYccMfI1Vw,85016,3,,1
Nm-5ylHYI20vvK9u6-SKXw,85037,3,61,0
Q4n0Olo50fIhi6a5apuraA,85003,4.5,150,0
_aFeu-DkTUWnqs0CfRKsCA,85051,2,4,1
TdjydrOFUSMUsTKdlXW6aQ,85004,4,77,1
xd1JeV7oqs47Fra9qtJoGQ,85031,3.5,18,1
tuv-XKXejzGNzkRqNFCKiQ,85018,4,46,0
bWjAFePgWj4op9VwUtKU6w,85007,4,6,0
vWHKGoI4YnH1_Bju6Fm1OA,85004,3,31,0
7wgNlcLTfQq8CHBob7AGHg,85032,3,34,1
hncn_z4TKAHPhdofrGV1Ag,85012,5,5,1
OFacUbdk0t-GJ83GQ83LOw,85012,3.5,30,0
zU63bs3Ofe8y1peOgOFJaA,85085,3.5,150,1
IPx92I5qQhYr7iqfKC_FFA,85016,2.5,30,1
Z3CRUjQAFnjL4OAez0MIUA,85037,3.5,19,1
qfr7bHu1-VXUTQWXoSMf9g,85050,2.5,116,0
bZaVMkkaXFc0xpnOkacWsg,85042,2.5,40,1
VRTQMh7wVgmzg96YttL3mQ,85014,3.5,355,1
Ak08F6RqjHYmVCzweBbTrQ,85004,4,721,1
4jBn52rNf9CG3uHbFEFaVg,85022,3.5,8,0
JxxZ3rWz4uqbdfIyP22E3g,85041,4,4,0
P00x4L4vTRNsKL-UA4EtCw,85016,4,94,1
tnZ_qZtKcrCWXA8XUMRF-Q,85008,3.5,15,0
7iGqep3bONVhl8Dfhc32wQ,85085,2,17,1
cq6SQkWKVT3TH-6YzGFn4g,85027,4.5,218,1
jghGSTNS_CNfQzMSJDaySA,85043,4,7,1
T7Z309DN9kbkhFTCCXt1Ag,85032,3,49,1
vg4ynLZ0yJ89pT4s_CEMzQ,85042,3.5,29,1
lK3XIcKz_cdFZGUxzdyYww,85001,5,6,1
rWvn5iE53sHqRXPyzWc0TQ,85021,4,100,1
pr4ZaLR1Zxi7InMCPYMm-A,85008,3.5,52,0
jvwzhzA9vsfJHCdlbLkHZw,85018,3.5,,0
rPY4bukI1QdfJc-1OCAwLg,85053,2,24,1
#NAME?,85032,3,185,1
vh3ymzbLEkqPHw0-IouMEw,85008,3.5,3,0
rPqBgtehp4I-VmFyQQmyzQ,85013,4.5,115,1
R2GxA0LslohJIOEndoFXYw,85022,4,13,0
rjlAUHT8B6KhKAmkZqS1xw,85020,4.5,472,1
rGt76zQHjSaOuOrj31EO6Q,85015,3,57,1
DZfFFSVFVJVxs3vfFVVf0w,85022,4,251,1
JicUTkFJFuMLmVxGRMzA5A,85027,3.5,20,1
nj8W3FI5Fwg7TA5duszeGw,85032,3.5,47,0
4BteGRw4rpOPFeyf2hEoRA,85023,2.5,13,1
caBiQN3OwW4P3hfUFm2vQw,85022,2.5,48,1
UMumS5Dy3wVgZ13pgSKOuw,,5,19,1
fYDzrVfx9uSbX7xmBVx-Hg,85029,3.5,22,1
9SNebKqP9jtwM7ebzsu3nA,85035,3,35,1
sx2NuwV_ztA62nv2c5ZcNQ,85032,3.5,7,1
XngwPRynytzSPJoVlawnjQ,85013,2.5,105,1
lody-V-zjxBxockQnFq9SA,85014,4.5,230,1
tT5kEAq2DFTKqc6mJ9ptCg,85032,4.5,72,1
H3Gastz2T6iiSRGmlbtoXQ,85016,3,443,0
38NdQw6TOZvsZfkh2rvdSg,85032,1.5,5,1
dNuWjWeEBmPS4xmt2iI-EQ,85013,5,4,1
Pwl45nZjCvDCBVIsI-iG1g,85033,2.5,12,1
h0bxE_VmJJvKKEEm4-NFRA,85012,4,132,1
jspgVJaiyobeUq6EMhmO-w,85016,3.5,78,0
ZIdR-IopAtU5PH_mGtUAbw,85006,3.5,14,1
gHutuGMMMH-5Qv9DbemLFw,85020,3.5,219,0
gpyNcwOZhz3FUsjhgU30hQ,85032,3.5,46,0
FOPC6-f4TIoGj1eJHMJbRQ,85032,5,58,1
1-L3RfFTq4tA0kl73K1l0g,85012,4,91,1
SJbXs2aVMhFawgjCcbH8aQ,85028,4.5,196,1
jvdZQPW2AwJOHYbQYPZq3A,85017,2,24,1
IZUDXIq5SULhQ5RGLCdB7g,85054,4,263,1
SvlTuwslYKdqvqWtDe2dgA,85028,4.5,339,1
V6W-UcMeWbUmVX-0wVAxNg,85022,3,15,1
HcGBngbEnBdPKMwaf2iuRg,85308,3,11,1
DE_ctc1KSo7937A-kVBsEQ,85018,3.5,96,1
d3FAxA8Su34pGHjaIcl5lw,85017,2,16,1
80Zvj5VvH46l3kGXZ5mbdQ,85012,4.5,13,1
P15Y-FxUOWjPVTrfiUpugg,85022,4,,0
iwh-33qk0BqMcp3qnMLOBg,85040,3.5,8,0
zpvwzjNkBe5pmt8GzJcuqA,85003,4,66,0
X92XkmKWt5TjNiD2m6tadg,85015,2,7,1
rqAZ3EyUVqxG0x6eD1Zw3Q,85003,4,9,1
xhVxf5HSlCAqpyG8OuNptg,85018,2.5,32,1
r7p-8e89IVunsNElJRjFBQ,85027,3,5,0
hHx3Z8O9_R_ymK4mbvK7AQ,85018,2.5,70,1
Y8rgiVhjpdbtcn83UVaVcg,85020,1.5,19,1
hCeDhb2p5L7Nkvgn7WeRCw,85032,4,5,0
GQEPgb0jZ-RSndjFSK6Q4A,85018,3,18,1
gojqK2LbOCCQhGACXeTAsA,85016,3,63,1
r6apfvgfl9lCFEjpnXnnxg,85003,3.5,137,0
G8xEdRK5m3fhETktIaDbFQ,85085,2.5,38,1
vclxHtRUZja24QFmsXdKTg,85008,4,4,0
Oh1s-LpxUF9HswZ0zhGPPA,85339,,,1
#NAME?,85033,4.5,35,1
E8vu8qm6r5NuuO_Cw-jzyQ,85331,1.5,39,1
tvpWoW2jMU5K-BrJTJnIpg,85034,3,41,1
67sq73gTdgHN0atGtIgDtA,85029,2,26,0
qVpfhkHMvF9Rlwe9dqPlBg,85015,3.5,3,1
lHgr2wxDiOcEt3n40BcKmg,85053,4.5,,0
Sv1XtPN-utoenqdIn9ZMyQ,85006,4,109,0
wqfoHSoMYvANu9_Vz7GJzg,85043,2.5,9,1
P_ilOWgHj2DMSSZSDtvzbg,85004,2.5,35,0
LUDX--wfStrKavGyitk4nA,85050,4,501,1
I7HGSg1OfAbO9X-mbDYdxg,85040,4,66,1
B5SJ5I2JVN4zQ2koMhyFjQ,85042,4,19,1
fskIA-YRflPnwHWL7Q8bLg,85018,3.5,178,0
zLcarNPsB3Z2olCEjwbLuQ,85023,3.5,24,0
0CZ4opKkec9yAS8qmXoWdA,85027,3,72,0
O1iooQB4W8uHKvnyl3ILHw,85027,3,205,1
jCH9apTQiLZVcnuBTY0aRg,85032,3,5,0
GlgwAS4tDzB36Q7JlBr7fw,85032,2.5,,1
wkURdY5zedHAQdiy9PhV7g,85032,5,3,1
BEc3HRXw8xSEL2C6e47jRQ,85226,3.5,253,1
TEqsEqIRFSQdDm8jwPHdkw,85034,3.5,3,0
WEpu2goj7QggSgL_nP2EMg,85007,3,32,0
fngEhtJ9GjcZFc5jb6fncA,85048,4.5,159,1
smdGDx5PS2Nt67FXYAQSUA,85032,3,10,0
I_yUsLg-txo6U_-_AWZKEQ,85016,2.5,9,0
2DmTw0k3bcXuHdAyxO_bkw,85050,4,671,1
daLsASi-J8zee8cpZSnqjQ,85022,3,58,1
T8hVrSofPfRL3ivEav1SuA,85008,4,7,0
gx57sjNkxx4pom58gniAew,85037,2,86,1
aIZQF2UCLv6ru-zsPK4H2Q,85040,,394,1
T7Ooz3M4PVhbaFs0Qspj4w,85041,5,4,1
lliQjBAUuy8RHoG7D6mBUg,85012,5,47,1
v1vcs-uSAQcjTFsHxS1dug,85022,3,93,0
3BGzRYh6GQbZz3LGAGb-sQ,85042,3,245,1
oZfNL6ZFdITqfwJzcE-LyA,85042,3.5,63,1
nnWIDsp0iBRxwhjnWTYzjQ,85310,2.5,24,1
uWeFac6NQLwd2ZGexMA8jw,85034,3,30,1
Z0ojefRCqnvVLdNUjSYA1g,85027,4.5,27,1
m0yA_-AOt69sna770mWPGw,85054,3,18,1
OMemu0U45_lEHmJ0l6AwOg,85085,3.5,28,0
1Dfx3zM-rW4n-31KeC8sJg,85016,,25,1
_GKMtL4zFOlNc0U3gljT0w,85028,3.5,18,0
1hK-B5OL7KGemWYiHOCN4g,85051,3.5,6,0
XVt6qwgis5yYo9zElj1ygA,85040,4,4,1
5-s0ESpKQeI50QIgcz8GGQ,85003,3,123,1
qv41uNpcTUIwePP4H8zyEg,85017,4.5,,0
5DDumAHRKumv3gZiPKW6iw,85006,4.5,768,1
Ayt0hEO4siFH8h4lsCa4VQ,85034,4.5,136,1
SaAtDmMKN_B5-8d-n5X86w,85027,3.5,11,0
p9-VjHUmpsobFoapkl2wzA,,2.5,5,1
INvxViyj-cwOVqHMEM6jvQ,85051,4,3,0
3aJqrnY4u86F5-Fn_vAy-g,85032,3,51,1
pd0v6sOqpLhFJ7mkpIaixw,85004,4,143,1
079CV1EE5WLdQqVEVYFeHQ,85013,4,170,1
#NAME?,85015,2.5,149,1
_287i8ZeEf0H1LiqPhyvBg,85023,4.5,151,1
TgjB-wlAVzol6HoDpE8KYg,85006,4.5,,0
pPNcs_59jNiQSs0Yq13bGw,85004,3,149,1
a5d_-h81d0OjN24Duxh-Rw,85015,2.5,9,1
cnfYugAYBFKgwDCTAVdViA,85085,3.5,324,1
08_PxnpSJO4Rxt05EYaAxg,85013,4.5,45,0
IZFODW0fifph9urOnl6pGQ,85050,4.5,77,1
F3tkpZYL76NLOMD_YpmbMA,85042,4.5,9,1
BOoEeUitM6gn9t_t8TY3Aw,85008,4,87,1
OZqAZkjhV_nyHsbnKaD1WQ,85014,4,231,1
0-CXwwVL-u0tc0FOuSExWQ,85034,4,123,0
zKRAIVLNmtLsiqjYT2XAQw,85054,4,99,0
TqFqZBdad2N0Kgf-NRKL9g,85022,2.5,,0
opKWjqkJH2_cq_9t3r1RSw,85024,3,20,1
2OKh-3ToognFAccCFAFJVg,85032,3.5,69,1
yVBgxJoLTQyspbCNhvUuwA,85339,3,42,1
Gz9SlLqxS6wnxPvgdOQNrA,85003,4,1180,1
OvG9pbudLhmLkjrttGvhAQ,85016,3.5,113,1
b5OTjiOjEg_UkmObTVnf2A,85018,2.5,,1
sO2kZPPIlmp-c-APO7xCnw,85054,3.5,145,0
8hsbbZQLP1Ru7DceBxLi4A,85032,3,6,1
cSymYaaNEmOmv6QLO3Yptw,85009,2.5,9,1
IpLk18jwKGXYJ9Qre8ZkDg,85007,,8,1
wYfTZelP5Kv3Kls4J9bnDQ,85035,2.5,,1
MhwAKgF54Rwmm4vkdIb0Lw,85050,3,77,1
Yp1mu3l4Z8rdgsG3C2AlpA,85021,4,3,0
pRWTB7aBItn67TxqwnF01A,85035,,4,1
tMkLVD60GqCgQ392GWPHIA,85018,3.5,36,1
4gxzgaLRMq2adG20JGdYkA,85355,3.5,3,0
3e8eoaLIRYqPOZOlUFVMjw,85034,3.5,3,1
0f5NHsmf7voKaFxjXmvfQQ,85004,,36,1
sKHDoLqDj99UuAP8ljSaTw,85048,3.5,,1
JFFsRHoV0QIFawhg3Nn0ag,85085,4,5,1
F4BeLoqWUU3n3jmY3UBf-Q,85023,3.5,,1
yyOuY5jf_O-BNtLGPnV0gw,85043,1.5,4,0
I6MRD0JkDDa74TbVOJ1ykw,85048,3.5,119,1
65kCKrnO3SulNYEen0itGg,85022,4,156,1
L6ZPG8lO1tMGmHimSjuEMg,85003,,459,0
acD0l-j5Kr-edoO-_tcbyg,85016,,144,0
_iLvWgQhFTjwly4gUJICWA,85032,3.5,21,0
lplg8YB0HrOLHYaf77a83g,85283,5,14,1
viB8KE-lqVzuaeyh6M4Xhw,85041,,71,1
uCO6aHdTqWwcPAU7bYih3Q,85008,1,9,0
txOOuDuj6m2fW-ietZRw0w,85016,4.5,22,0
3K9u2FpHG9b7tWogqyEyWQ,85032,4,137,0
pVcaSUJ0IcHvwKwETawT5A,85032,4,17,0
Z7nGSKvjmHNRkXtoMxA3Jw,85085,3,196,0
vUgCHg2pWUrbg_xrJZz6Lg,85086,4.5,276,1
0859wfd1BQHG46Zpwhc0ZQ,85003,4.5,298,1
TAyCOYufOJ4OtxyHqfdlfA,85033,2,19,1
AZdivItCJCjjc_H72dQLMA,85021,4.5,94,1
8reRvd7xjNMNizvbMsPvMg,85013,2,68,1
bc-ODWDxA-CViK8Sho8-Og,85053,2.5,22,1
aODHarYXSvEkpCYsq_kfVA,85032,1.5,10,1
BzZNKx6Des02RuAtT-uOPw,85004,3,85,0
ZF6jtYU3t6Srs3GBtabh_A,85054,4,28,0
-7Nkf8bUzdXNhEdgU9plhQ,85005,4.5,8,0
TaH_zUFjBl81NiZeUqJQrQ,85032,3,25,1
fjvBTHjluJ_mo9BeHcHoBw,85085,2.5,79,0
F8K9XTK3WN0i4G_EIXzY9g,85006,4,180,1
PyRss2YxGHbRW7AuGuijGw,85024,2.5,,0
AUFFJBCh6spwBFJI6SnITg,85021,3,46,1
rC3R1xtjJly5X1-aGeHD5g,85050,3,5,0
Jy40ercZIQaNcz2qV3qgow,85004,3,,1
YyvpjiXO_lQuZxn6wqoPJw,85054,,300,0
9yH1SL2paauMMuxHnV6cBA,85032,2,41,1
iXV2kGGyXJlKM8JKek-HNg,85004,4.5,,1
dThrFTK_bqo1woPvUgY70g,85020,4,335,1
_xxwKeiIYty0O4odYQNyhw,85016,2.5,62,1
lORlFMAvKJKBaWefOfUrEg,85016,4,9,0
DkIEhR8behaIoSexekWV0Q,85034,4,402,1
_YHMJ_bFgSoZbiZ6MDf2kw,85016,3,122,1
jIzygnVmajEXYmfsBNY_Gw,85020,4.5,573,0
_fN2KAvWGIu54iuKMT6neg,85034,2,3,1
8bkL1u-OcHd-U6ZHBjRXlw,85054,3.5,5,1
uQSdrbikpinTwEWhA1A7FQ,85014,4.5,,1
7cK9uEV09iPmsTqOqmY3kQ,85018,4.5,850,1
1k53JbU9dNU0NvyBYKLhNw,85032,2.5,5,0
2v-8QQfMLX2PCz-0S6gISQ,85051,2.5,15,1
flMyhwx9fHMXFU8586_26Q,85004,3.5,4,1
6yweSyPYdBMJd93_pGA2ng,85021,3.5,76,1
UcaLZaIwz5P0PXRT15AdeA,85032,3,13,0
PepLYiTk-2j6Nb8JFVT9gQ,85016,,7,1
z6-reuC5BYf_Rth9gMBfgQ,85012,4,1666,1
bFW8NsKCPjihVfzV53hLyQ,85051,2,,1
TIP1ZWjhAoJwpsNmpneAiQ,85007,4.5,43,1
#NAME?,85032,3,26,1
FTA3Qoa7C4aTx_KE75nJ4Q,85034,2.5,,1
#NAME?,85053,4.5,255,1
C5bmtDRAtl5iMGmBCF5prw,85031,3.5,71,1
gW-LWcIT34bqM6yn26xTuQ,85017,4.5,18,1
qeQjp9pa9PkyXDv9P5l4Ow,85044,3.5,44,1
gBEWJ4b2OvUmN4Oh7ju3hw,85028,4,456,1
A46YFsVtON1EW_IUjDmSNw,85032,4,20,1
JkzqS4JDOpoHrj534rzvAA,85007,4.5,319,1
uM6RcG83zH3u18EI4LpL2A,85009,3.5,12,1
tkT52OjZyb-TNbT20QDXtg,85020,2.5,12,1
i4Jb_b28YAphS9_jPPzwkQ,85014,4,114,1
9bnIB7Craru4z64hE4XGvQ,85043,3,15,1
dZ4haBsXeESSij53suTQ2w,85015,2,7,0
JlMYSLiLnpWiihmzZkQS-w,85035,2.5,131,1
ii_OxGUbtwd3S0RUW9OTvA,85053,4,91,0
7fOZVdXQfEhZkZ9ZOcHOjA,85016,2.5,21,1
vM_T7Xj5qC2x0bICR8wiyQ,85015,3.5,63,1
c18PpRfQbLJU4BBM1P2xnQ,85041,2.5,3,0
1YBpnyR_VlJNjrUzNVXYDQ,85016,4.5,20,1
KAmYlUNaGwEpEOLa1KJ33Q,85032,3.5,14,0
t6SfYTEvg0o_cfJddsqEcg,85016,2.5,59,1
lZUCbZkCpS6bvgcxAuYS5Q,85027,1.5,50,1
ajJl5Q55kWKoI05hhid8-w,85016,4.5,32,1
QyfX-6jFfINH1MuXS8R6ZA,85044,3,14,0
yz3JQk5Lqbin8mtNfDcy_w,85004,4.5,95,1
2mg19CtQH8ClaFCHf71x5A,85003,4.5,41,1
onhURB5hb6tKukQNPcBADw,85027,3.5,29,1
c2C6TcNwnudSVEZ6w-jNHg,85004,4.5,10,0
XKulwXWzC_C1Q4k3qlvi6w,85004,,3,0
XjbGHMD0vDGcZkQoHQvF3A,85008,4,18,0
nwHd2MbIGz0SNG8GpFjekw,85020,4,425,1
33yClygMVQZb5y9WgOCHLA,85008,4,37,0
3H3KLktgOrKr9UzpUUSZwA,85021,3,24,1
45bWSZtniwPRiqlivpS8Og,85024,4,63,1
1oy_-HhLSV5HgPbpRS2DQQ,85016,3.5,35,1
donM2wg89LspfLdE05WGEg,85033,2,11,1
Y9xXCBRs1HWRBjhR7JYP7A,85032,3.5,37,1
NkezWNdhaHqD7ZMGPQuXxw,85023,3.5,75,1
aX2yKumIlyMLbDvA4dVbHA,85006,4,4,0
ZY8gFSVvr_OqogEHLtsXIA,85007,5,6,1
DC7cbTCfkNmAaTmYDpV38w,85043,3.5,43,0
wkMAYHXHj_vuVJFcSHBt3w,85032,,44,1
0hp3WtPSxvmJVk3BNTfhHQ,85016,2.5,17,1
wPcj-wgz8UsDiG_I__wybw,85004,4,7,1
Ls1NqcogI-szYoQ7tLh4Og,85004,3.5,141,0
otyRCkvK6Kd8Gt2Va-EzDg,85003,2.5,68,0
atSfDP-SLY4GrvBlBPB31Q,85016,4,87,1
lCI3S_Tb16uW3TOk-wMizA,85004,4,165,0
rhT_1TbKu_gsFL-WCUUujQ,85041,2.5,32,1
e-cxqDjKEHEcISP2iGcZxg,85054,3.5,402,1
diw9UvW8mE24RGs-NXB_Tw,85018,3.5,9,0
IVZ28eprMi_hoU2AXNuMTQ,85017,4.5,3,1
kcpu_H4BaMY0dqHY8khoGQ,85022,3,68,1
6We2O5X62J_gduXU7jvf8w,85044,4,490,1
l4_ED8EycTkTxnlOXydfdg,85032,4,4,1
XmxRXzCFkzQK23kkHgUgLA,85016,4.5,168,0
Lih3sCWBJRgrsERRO6--Yg,85054,2.5,10,0
hytBKACdgnTViXmQWV2ZOA,85008,3,6,1
ghPeRAr7st98vc2Qsv_T0Q,85033,,17,1
bj3z_mBR3bYDE3VwCegusA,85013,2.5,16,0
dYv_CRbiWPhSG_V4ZlTIQg,85009,3,4,0
BA2tYMpTHR3i7X-6qtcWaw,85054,4,376,1
U21YaTK4PVlfNHQSyBkJUg,85020,4,181,1
UX0Gp7fwXIaLjGS3aupV9Q,85027,5,10,1
cTJjTKz2huGZ-ElScC2pSw,85012,4,1207,1
nfdNvM0HFCDmnJ5eHMnuNg,85016,4,144,0
L5CF9zPE5G0lCEExKn_qQg,85043,3,17,1
SqVt9yIMIWCreV7DrVoqpQ,85054,4.5,6,1
gaNMpjQxuEUNeLY7UCgMKA,85054,,14,0
f4CdIC_whbB64tNsj7XGpA,85043,3,8,1
pg-_MUt7sSCsBqPS2Y4nxQ,85022,4,8,1
_DiGwfdiH913E4LURwb2qg,85006,3.5,178,1
_oKvRJPi7rQViDeCwXF8qw,85008,5,12,0
TZf1MciRrWEYirvx046GXA,85007,4,26,1
R6cWq0FkVfV_Ee-YttlPyA,85034,1.5,235,1
Wq_BQBy777zuCtm6KyDEyw,85027,3.5,,1
ECmphS3zwUcqWhnbhOZoUg,85017,4.5,3,0
FrLWavzAYOzUEp5RPMG9Sw,85016,3.5,37,1
uZkysgjMeC3UO03cPyBD2g,85006,4.5,219,1
GX4C0SDgzuywFbO2W_g1ow,85054,3.5,137,1
FG-0gu-R0XFkQNZ_ldJ5jg,85029,3,30,0
1hrX1vHaUgllWH6i876oAw,85001,4,5,1
leJo2p90gVq1JQzR-QP-hA,85085,4.5,63,1
ogVW7IF0oC-YEQA_fdSPLQ,85004,4,24,0
zwmps5SXn30g-f5wqg_r9A,85029,3,155,1
GdV24nwlR29MPqNXFglZnQ,85022,2,52,1
4IXTkqYmAO4XH4nXnwc67w,85042,4,114,0
k-fLKf1Qbq08jDrOuNn5ZA,85020,4.5,197,0
DuI8BlpnRRwsmmVMt7Yiww,85018,4,30,1
pehIhPluVUAOuOdML6rFRA,85015,1.5,32,1
8p7OJYXoDJXZr6-mpFc9ng,85073,3.5,83,1
njaKms2uQcdTtlI0urqPaA,85051,4,49,1
CNRXPwmj5EvSNdXnOXcpJg,85053,,91,1
qL7oHKdDd4eM2NIE4SFYAg,85085,3.5,167,1
wOk2b8zUHWylJOd6FtNsRw,85013,2.5,210,0
l-Cu_WkJt5R1v71ecYeqsA,85016,3.5,258,1
dNPGKF7CeZRB9x37b7rYVw,85032,3,4,1
JC1tcGar1T3jko1iX2fIHg,85034,4.5,45,1
EeSTRZ2F3ZSlRpm1AT4YtQ,85022,2,33,1
tkyr2sY4JHU5l3I2yppQ3A,85051,1.5,,1
rZrhB-arwsFOLFVXzKvB6A,85028,3.5,124,1
aXgF2q1ciYIwUS2ULNNCgQ,85018,4.5,82,0
cz5vz-893D3LNH3TMQYR1w,85004,4,597,1
yRvmDKX-Ocgd8zq_iMgujA,85004,4,284,1
onqVz9FhdZCCwCMrnxd7Sw,85043,1,11,1
xFuyA5is_lLo28-fTUQjPA,85012,,43,1
sR9hPrIaG-J-GLcl4yaiLw,85004,4,,1
UdL8Z06DaNj6qhen0fEH9A,85040,2,12,1
KGMyW-_eq4Errzp7AA8s0Q,85029,3,27,1
bKHz5eT6s08VFAOmjf5oDQ,85023,,,0
X1-AbThDu9tmijcGnsi8Ug,85016,5,79,1
ULixVwbmLi2OL_CyGrh6vg,85031,1.5,3,1
2-_HV0XUYK64OylB5J4i6A,85048,4,98,1
Hv_F1yErD0slkYCI1V9SPw,85018,4.5,71,1
Ut4nk4AzlMX62Hy2_rqIew,85020,4.5,133,1
4LPrdCK0L7GFF6vLP5cGTw,85016,3.5,177,1
XGLGvB8S6-Anmt7gZkPLkQ,85014,2.5,82,1
HyRlgWH3CIUAoWv0dDwvjQ,85020,4,4,0
ef630uwL647xLAa2YXJ2hQ,85048,3,4,1
UUyAGY5-6SbMfS7Iun5AGg,85033,2,35,1
nVBfKCjD8XwX_jObaRJn2Q,85053,4.5,8,0
aQfVZKCF19LL-HwspL-iHg,85339,,39,1
P7j_K9baGxWPlInbjn0OOg,85040,4,248,1
0BaMoKDVNv-MP84BQ9EK9A,85033,2,,1
UE3AvVnaPEBPneVahYT2eA,85054,4,1113,1
q2PUogtjncgsNn-pLzw5HQ,85020,1.5,35,1
GTg3VwPRaXMHxkxM2ntMTw,85051,3,22,0
_4n7K_UdRSEMw4vJdsU9jQ,85027,3,54,1
bROfsCS_9L7PaDn84scvhA,85034,2,24,1
eS29S_06lvsDW04wVrIVxg,85006,4,1540,1
hZgxNlArGoN0mWZvfCQWvA,85012,4.5,,1
YliuB9NstrE-aUnUtdw1fw,85034,4.5,28,1
U5Ow3ffmrG4MmTZLK6jd-g,85022,5,172,1
w96oa6oQk2kolYfy8Ja2Mw,85008,3,17,0
3kVThNUM1mzz1lBtxdSJxw,85004,2,158,1
-1UMR00eXtwaeh59pEiDjA,85034,3.5,502,1
qk_hFNI0D3_7XnPRDyq0sg,85004,,5,1
3RgLNenKXCGGMLs5U5kVIQ,85028,5,20,1
CE6nIZJVgxhpX7oL1cbrzg,85016,2,38,1
gTKeGz7nHb0Qz-6CrFs7jA,85032,5,34,0
uW0ceue2V_7JJfsA3l_O1w,85006,4.5,113,1
c6nX38LoVfc6Wf0G8B9nZA,85016,3,3,0
VYk6kkWfV-Kh2TKqcxieZw,85037,2.5,23,1
anNJCzaHEGruOM9txX1SFQ,85034,3,9,1
FKNvQvsknpNSG26hVtzJ0w,85050,2.5,105,1
LVkILnI-bXtlCJggb3hfkg,85019,,79,1
AVaebpEiqcB0FxxjeZxDVw,85022,3,36,1
A-apTF3JfkUPR_oeazZC1Q,85032,3.5,38,1
5gKonbvyRxrC40Tc6mjfrA,85034,5,3,1
XgM0LZ5Zr9SJx6H_jncUVw,85010,2.5,8,1
EFTYg_jOPf3abjWIPO92Cg,85053,4,76,1
kHpXJ2vciumu2KhNHg0hYA,85004,3.5,338,1
J8mVsADcV_YvK3Mbw5Zfpg,85034,1.5,4,1
iq50qr2p5d68f2TO3OA9BA,85020,3.5,84,0
jCY_nUGmElQsERJsovVEDQ,85051,4,325,1
X_irZWSbhRYz-VbPGMobTA,85022,3.5,24,0
57J9SvZCc1OS96ilcIJJGQ,85022,1,,0
LKTx0oPOrn_81n6DJpNk5g,85034,2.5,10,0
_PHjKNw3rv_CEU7GvuA6-Q,85003,5,3,0
jo1lQFFrqWS5HgOiyP6_sA,85020,3,26,1
nrgKK4bOuoCOA2x_I9cFYQ,85018,5,6,1
P0k48-YlKuxskB7ys2Ir0A,85035,3,34,0
kdnIIKSd3NY3Eo22MXK8Xg,85044,3,17,0
wZ3MABp8WcSHfZrlEQa5dw,85028,2.5,27,1
CJRE_lxRzSF_CO62Svm28w,85037,3.5,3,1
b1m_PK-ggGR3CmBjdIyqkQ,85016,4,139,1
2W7ATgSmo2hnTM3e8081VA,85044,2.5,72,1
F5v0OQNCwCni8jIi60x2DA,85044,3.5,24,1
i3agjxn_g8U3Agev8_ys1w,85053,3.5,17,0
WLlGLuLatGmyhC2hACdO-Q,85035,3,39,1
c0F2t2j9MJ2gUBUPky-dqw,85014,3.5,175,0
sWtltZRuYgnINItStEesGg,85034,3,22,1
Ysd8pj0sZpfPq0xNQd8fXA,85034,2.5,10,1
cz0p92H17pHM7Dp1xcOU2A,85051,2,13,0
0QBFtNNj9RIggZGeivcbEg,85085,3.5,214,1
lEtpTFWetCf6xnzeImLiHg,85048,4,83,1
SWS5gooAPjG3BITQyNj_Qg,85012,2.5,11,0
71VGQ--nxzv7AgncgOX2Ig,85053,3.5,17,1
2S64Zn7PJrucwsCf_nK4fw,85048,1.5,6,1
TqAXKLF1P5XAIG9Uq2eUmQ,85009,4.5,34,1
d6LR3wI6Wntv2Dtn0l5xjA,85028,2,10,1
lYdSqzUmxYZc136Hyf-zSA,85004,3.5,6,1
duGlnlkRM1lGcyDTwNxtjQ,85023,2.5,,1
wltfqot_Et0r-DYaZDxWFA,85032,3.5,121,0
g384tK63QxXXm3UNhtGMuA,85004,4,155,1
49a8mRB-MB-9JBEVjzK2BQ,85022,5,64,1
SZOvVtg0mGOQcNzzcH6Qow,85016,5,9,1
AssSdHSVWbPtN8upTLWFVg,85016,3.5,5,0
JWjL6WTeEIdGN0vOGNO9pQ,85016,4.5,456,1
mJYzopHZZEXVJJrsue34aQ,85018,3.5,63,0
YhKcOW9-lmdKrQcyt8elCw,85014,,4,1
V-xh1wH3lE2rpyUj-4GNbA,85054,4.5,5,1
LdSIXJeWpK5u8tq-nKxQ1w,85022,4,144,1
iIjVO7cLD1UEmIO7G05Ujw,85006,4,405,1
W426q26LEq_25qjHjZJKtw,85033,5,4,1
rpNPlBwKTEvtAWUvDcHm4A,85037,2,30,1
58r0y-4rDHtyCW4t8HfUsQ,85012,4,24,0
XcDdBiRTD1XEJPTJ2Uphjw,85037,1.5,36,1
kUnHgSjIWOeCzacpSFhyjw,85042,2.5,7,1
YWjfWHizWgHSsAPGfQChXw,85040,2,31,1
WxytQiQ5Cl1Gotk9cXeILg,85029,4.5,60,1
rydwhaJPcQhxHlHO0PMZMQ,85032,4.5,62,0
yOPwzFW6LmxMmFGtiQ8ycg,85014,4,,1
OPDaiIcc_hpD6qVtIjo_6w,85021,4,10,0
Ta7ALiHKasliwVxieOJEnA,85012,4,44,1
UtHDgYfHcabM0GJHFxULEA,85022,,3,0
8Qg7lIWUJt8IW_ssml4bfA,85024,4,,1
iSXRmiQ4Kuwhi5DwNulCRA,85085,3.5,5,0
1DdkhCSmKDgFmilXS9SZEA,85016,4,47,1
LV63vo4iBHIo7gjiz-Oqgg,85008,4.5,65,1
9d8qEDf9mLu7oxeENQipeg,,5,4,0
JWwOvFDYS7V41heXM8_5rA,85004,,,0
PXVNlCbNocp-EJ-RJRQoIw,85037,4,91,1
RztX0zV7ObHZD08SDUhI0Q,85022,4.5,545,1
93ZUDaQQ_QLZ0G5ARjp2DA,85029,4.5,,0
Tw3miGKZHtmxmaQZIYFRrA,85012,4.5,989,1
CXAC3Pfo7jaEciXZ2Bjgow,85004,4,90,1
ycAmQ9kRi5iB9OyJONacBQ,85034,1.5,54,1
655WnFHtnVeC1jj3wsREVA,85253,4,15,1
zHAGfBguJRgwEiAQG8B50g,85004,3.5,12,0
7KlpgRjjAmVabPzxcExs0g,85051,4,11,0
0LhYg3iOF9IU2Ut8IL84TQ,85003,3.5,360,1
WXR0ND0KqbArMZDvFMA-bw,85016,4,572,1
#NAME?,85012,3.5,69,0
Ynm7H4c2ll5vZEX3iLdxmw,85008,4,71,1
gTp2D6nicDdWjKJH8EI-sA,85016,3.5,12,0
ndZKdqywuXD7mOm60URmEw,85032,4,5,0
HV_TRGJdMurmJkqkdRGaww,85006,4,69,1
974srqVWmIxiS7ypMeqT2A,85018,,13,1
GkF0aKUFrmVQhDCfWetG3Q,85012,3.5,118,1
UlyCnc4_Suu2DSqYQSwkqQ,85027,3,32,0
zibTVHwQMACJCP5pjRUupQ,85044,3,4,0
p50v2vZMfRblLeFbdVcASA,85034,2.5,17,0
eEJo-37wnSEXk9vvac7nOQ,85016,2.5,24,0
n9mxpYKigTM6llGAChlAng,85035,1,17,1
vC23Fq8lMkNiZ4F8yh3ukQ,85004,3.5,437,1
AMeoWQtfv7LXvv8AMqL9Fw,85027,4.5,95,1
h7As2jB8bhfFxCMCvdssWA,85034,4,122,1
X8OGDAf9F8HmjTqZ-OsvjA,85023,2,12,1
ekU_rOucAP9RPJ1yrCUcFQ,85032,2,4,0
y4jOgvovJ8JX3yRSzu7yUg,85051,2,18,1
XmXu_kJbnQMDiz2MRWacRw,85031,3.5,5,1
2X07EuED0jY5C5hKQovfBA,85050,4,42,0
A3QOTEpt6hRd4Ta5qFpwqg,85048,2,22,1
FmZMn8-sjyTpOX7orjnt-g,85008,4.5,3,0
j5wcbhFqxEF-YtayK2fTjQ,85004,3.5,9,0
MTQS7-tsj7bjNyhP6_Exyg,85015,3.5,5,1
30xoqX9VRA_hH5x1QgONEA,85042,3.5,19,0
CfQCMOnVIarQCBDBor0mfA,85007,3.5,42,0
BzassH8LNyDCLsf_WwgZxA,85040,4.5,7,1
KXfhB9wkyycKBi3BZ7On5A,85003,4.5,55,0
f5UraqUh4mRlBkykq3Dj0A,85007,3,6,0
GYYi8zeccDoKYRYkCDzN0A,85022,3.5,34,1
b5epWgPoVcXoMJdCCzFMUw,85016,3.5,378,1
Fy48HyITu3HxF7_VYhEnLw,85048,2,38,1
9jWUmisHRkO08m7pnuBbfQ,85033,,,1
zNGYsFeG_7XEBodbtfux5Q,85016,4,319,1
QssWqY44im2rA8hGmicv_A,85051,4,133,1
pDewiJY6KCcZgLxxgxg13Q,85004,4,589,1
5rZxENz57t-SDv1tIS8lOg,85044,1.5,7,0
GarQqqVFnqe5DjKK0JL9sQ,85032,3,49,1
BbKzwc11qLEzX_euOmRn6A,85054,4,50,1
ZNfmAHWxq6BddtPGgEgKIA,85048,2,16,1
gArD_iQ_6BR9UGMwKXntDg,85050,5,41,1
s12oLxflAR5DEObZd0VASg,85018,3,26,0
f_E7mOwfpujpndlnX8-O8A,85016,3,70,0
0URIvKxCNT-AVgtdYFAX8w,85013,3.5,173,0
oxe7PI6ah3SGiB8Z0n9zqg,85032,4,15,1
cQMhOnD_92IUwu9QaGIbrQ,85034,2,12,1
44YFU284Z3KDEy25QyVoUw,85032,3.5,301,1
cMkF9SugUaEY7o1NAc4dlA,85085,4,215,1
kBJfBVaXJtPEKLTov1hJdQ,85014,4.5,513,1
IR21NrXBSkOXSntPKtgEZg,85008,3.5,23,0
97w3hi6ngScJquXakwTWuA,85085,3,305,1
RG8487-T5dZii3f7APO64w,85021,4,45,0
VEM9ddboePvhvucd3jAbVQ,85018,1.5,60,1
CVrySTnC86omXXAm0GJMyA,85006,4,75,1
I_a74zmgR-X03LsKISWPcg,85014,4.5,706,1
LypV5tUYSDurg_VMHVLpDw,85040,2,,1
JjEriMCnw5BR_5s-RNy3Ig,85050,3.5,26,0
UHD-Mpx3hAl4ZRaU1E6-hg,85051,5,,0
GRR61NwIkgpzPjQVjx5LAA,85051,2.5,8,1
mRubgo8WfjraJkE5Bvbf6w,85044,3.5,277,1
U7qvifH4kTy_Ct2dqb3KSg,85023,3,,1
raciFGOzIYTVUwt54iZH9g,85016,5,7,0
gU8u0sczhS0nXQuGqJ12tw,85032,4,61,0
WwvSDgFkx3f0piozrdMxtQ,85016,3,46,0
vUJhUVmRMn9T4gsmz-L_Yg,85017,4,33,1
1s8Zu9irOTZtW88ca9P41Q,85022,4.5,74,1
fEqbLLqRw0fQrHM1xB070A,85034,3.5,15,1
25c15dEPrBrWr4tR1r6sTg,85051,4,309,1
CNXAVovX19R5GUNVO4_GzA,85310,2.5,52,1
f7QuhldHTdj9TG1iLPk58w,85029,3.5,30,1
u2_tsVD586yAzV643YP2eA,85032,3.5,21,0
oT-6H7Tp6ZNbOx9-P5e8xg,85086,4,4,0
cHa74FO5t8hNYGwq2IQW7w,85032,3,27,1
S3RKq5WDrvUO5ss6I2gNVQ,85024,4,27,0
2a2E-Ev1TLw8PP_2auwuIg,85048,3,31,0
m8qJtl3l6QXJMnNxN6LQRQ,85018,,14,1
UYxn0weEe149SlfyBtuLXQ,85034,2.5,39,1
G8k2E3oYHHl2o4lNJQwR-g,85032,4.5,353,1
W537pidoTVQmn9x1GPpxgA,85012,4,593,1
9P0uMEOiEIP6V4e9ARycSQ,85017,2.5,75,1
p3PXnVEnHQJ2hAJyL8DutA,85015,3,4,0
Ld2hhA3q3cdkptwS1fsYEg,85085,4,117,1
gJLuoT_KOOTNPUlG7q9nyA,85042,1.5,6,1
KITRU3IAH3xPWP_vcVuYcw,85020,2.5,11,1
ygKRVzf8aOwqh78pbuRBgg,85034,2.5,32,1
zJGtD3y-pAIGNId4codEEg,85014,4,,1
Zps5RW0brl-s43OvlCgZAQ,85014,4,116,1
LyunOKCJ30PVfAis--hs4A,85040,2,38,1
oMBNvB6tHlwW3UwGBYqljw,85004,4,234,1
lIFjn05i1kYq4q5cDKURBw,85048,3,44,1
Nbhpg1TbDwtMuyh9ZIPceA,85029,4.5,130,1
7eXOhLg-ijHL_0NIPNyq2A,85004,3,42,0
X_RwGnty-Pl7YLSX3wsCoQ,85032,4.5,82,1
OLtKiypfkWv8cH2YfArtZQ,85016,3.5,83,1
kH8-zIJ1rxHjs5qHGBrsiw,85018,4,67,0
E8ugJa02FVCgfnjqV817iw,85015,4,191,0
iM-sH2Ey0IWbk9Y_FY5rwg,85042,3,13,1
xnh9h25zHwaWj8b2Ur6IaA,85040,3.5,9,1
1Yk-GnszDT9g1E1jnD1sIw,85037,,58,1
CBKlwam3LBMcdJ8BG3Jvwg,85004,3.5,3,0
_gcdr8xuRGBgJ7wIOxNFvQ,85021,3,6,1
QIQaalfNcEC2cbPlcByk3g,85016,4.5,3,0
BCE_A21lEUEeEU9sKCjLmA,85016,4,132,1
24Td_CQH1bonWKff1rt2vg,85016,4,413,1
XzgHOo2rZWQN289mM8JYnQ,85044,3,34,1
US0ZdkGe5Fv1lLczbKYJoA,85040,2,,0
91GxxEnwkkdmpGXnvCXZzg,85048,1.5,5,0
XbkpdDXhunFhAWLNRAiVIw,85021,3.5,127,1
Wsb_rH2xNmMOdmzyb7eB7w,85003,3.5,97,1
nxR_zO9AFEs_wylZg4hj9w,85054,5,16,1
M7FD2ObQMXLs8iyQDQajmA,85032,1.5,17,0
JSNc3GdNH3LpE3HdTQl17w,85022,4.5,96,0
Kx-ENvzuh8HB-W_xbT5jrg,85034,3.5,5,1
8K4BDHHXXBVGFqWQoMVQrQ,85016,4.5,84,1
ftia7qU_2jo3dpYvvXDrpw,85013,2.5,13,1
zHqydarL53YWMjuC0UglSA,85024,2,18,0
8gAVn_59kS2IYl0-zH-zJQ,85004,4,130,1
seo3KB3eilzczTAerBf4Fw,85041,4.5,15,1
GQaOgUdJOVoEzMaKODD8Hg,85029,4,135,1
GUsYtGG557XKlHaMH87erg,85004,3,94,0
46F4FywjDlqMiHG57NF7eg,85048,3,115,0
dbXBd0qjy7Fnvn5FDNsVow,85009,4,7,1
U9FCFksABmJcS5Di22PspQ,85054,4,165,1
#NAME?,85043,2.5,14,1
pCWg4B0R5gauQR4SJ9VDmw,85020,4.5,302,1
8rlTOw0IA1TENURMBJpaXw,85042,4,,1
tylsscXmLq03-DzGI36bIA,85016,3.5,,1
GDsgQywUMunaLcu0RkotZA,85040,4.5,3,0
AOuutv1P01CW07qmzpj9vA,85044,,20,0
pPOENKpvVc_3zSjEhfqCWw,85009,4,4,0
enFKEYgnUg7Lq4nQ5VaFLQ,85018,5,4,1
fms8iKzj1PedYhJbMTvYQQ,85019,3,4,1
sI9elMzIGVjqPEz9299nqw,85042,3.5,10,1
AMM3qOH9DUQzJHm9Q3vHag,85018,3,145,1
HqoiR_hVgNPR7L4XVZHyRw,85008,2,4,1
xsdRrNJuNumvrwoQ2Tt8tQ,85085,2.5,152,1
WzrMNz9eUF78RgZGDTS8xg,85018,2.5,199,1
waVXnh1aPKddtREw5Pe_QA,85032,2,9,0
No5AZnK4YUZ6_aspRa-r8w,85008,3,41,1
dDfkHPMICXOaBXQ9RhZgBg,85022,2.5,46,1
zJR84qoQEvIRGrR6a7VyZg,85021,4,13,0
HtDqG-J4yumWEVf-YA4Tdg,85014,4,9,0
UdkQieTHE7zSFvzJkzzEcA,85054,2.5,5,0
qJaiz94xl-DSgP07yR2MvQ,85004,3,9,1
5mcKhJwQVjZcVncUGl2how,85021,,42,1
wWgsKvkbq8rzdGpx5gr-Tw,85018,5,33,1
KxUFP7K7t14XxFsB7gT3kw,85048,2.5,9,0
x_bhc4U_e6lv7Dat2WV04w,85051,3.5,63,1
8-_jXGGDFPFAPB4r1x-81w,85014,3.5,617,1
HJEaoW2OUTeZuQcygYUpqQ,85034,4.5,17,1
sI2RL3sn1cb5xKcYpTDRig,85006,5,27,1
Hh4qRAOswrmBNWt3wPn8rw,85041,2,68,1
5KAy9aeb4z2hSrPcMg3K0g,85034,3,8,0
6epbU1SVzUleAVi_sYRw1Q,85016,3.5,12,1
Me_pYtoAeA2IkO8jOBi4HA,85007,3,33,1
DjlSMGIeQNq3huXiBpFhUA,85009,4.5,7,0
5JifhqP87SsQwS2HTukMFA,85043,3.5,5,1
hiIg34DNm_ZFhh-3-yZxdA,85043,2,7,1
CI6gEOiOQ5ps0oMUhgmKRg,85013,3.5,41,1
zOmz8CM5SVFGklGRSsV5mQ,85053,3,36,1
sWeVNiPulXsD8PWhEtn9Ew,85051,4,42,1
v2JjdQ4NQNIxqSMnqkTGMA,85051,1.5,21,1
xlz4aHKAPT_jHMIUpxXmUg,85018,4,,1
st9MruZ-ETZyg9InSo5B2Q,85048,3,6,0
yDKmcWQ_Zycr4ekLV4CqFg,85018,3,4,0
v0FdDAXvEYieRWcngbCe1Q,85027,3,184,1
VaWJxKM9bIuU5hMMUSuTQQ,85003,4.5,15,0
GES2syJEgm9ZT-KMwqiYYg,85086,4.5,9,0
6Zk5F7fsTr8n2CJTlaxHlw,85085,3.5,56,1
5aRyuqJZSGp1fNXHQHMLjg,85018,4,202,0
orypdwCu2oSEJv3YNTSAhw,85016,4,229,0
CPICyyY9SZxIG4mWt3GIyA,85008,3,8,1
hVcnr0TMi500pJvghwnSOQ,85020,3.5,374,1
sV03liLOhDfPft1u3XSR9A,85033,4,6,0
gA8m0-v6ZU-d67zv778grw,85016,4,96,1
fP8JqPAVh9MQ2OIlfvsKnw,85013,3.5,139,0
jUgUFVZzyD6MOlLnB2vJPg,85040,2,,1
Y_OZeUkmUfb37i3fqm5WOg,85032,,54,1
9zclqTtkncm_ayNJ58iJbg,85027,4,45,1
rOKEgdzmhzT99Ob_OmPE0Q,85018,3,258,1
ZiTaYmacCUOzaYQ4DSygiw,85016,3,71,1
w6dNSvbLNdYkwp1xwYj6Pg,85018,4.5,,0
Hczhdd9PMny1lYX98Ji7bA,85007,4,69,1
4UVn5h6SjztAhKyozc5dTg,85014,4,186,1
hTe5SavBjp3zRulupZSJew,85003,3.5,191,1
Kh8Ctqf7z4S6OJ9F7EsVpA,85033,1.5,20,1
yjUgQXvycpnH9-lfBA2sgA,85021,3,23,1
maM9QCQw1n8xP7rSpk_ukw,85335,1.5,24,1
vYeSTLvRuTuWoZV6tmvAxw,85006,,195,0
AuWFn084piPDQS3T_THJIw,85016,4,3,1
MJlq5AuCkRjz31sKspxp1g,85027,2.5,134,1
NpUR0C_W-gbMcp0TL4lVKg,85023,2,25,1
17K0u4eyrm5rZBo5FybQtA,85086,3.5,,1
apLlEc3GoFUI-yn1R-_nFQ,85040,4,5,1
lZ5rd3YxWTcCPJi45hvw7w,85027,3.5,80,1
lMPSwfFtsZiNRTiF4wEc-w,85020,4,38,0
rOJw9MYbjFEGedxOP7OAIA,85020,4,34,1
EIb85lCA6HMzxdsacYtjGA,85044,3.5,9,0
JBrBsKpw0bbXK5nlrXVOYQ,85029,4,456,1
n8fGqb4CCheGyWtr9KM6qw,85032,4,223,1
Q9zcPQit3OMWoNRLLK7MQg,85054,3.5,109,1
tvwDuDypJDl16icfZDpULg,85032,4,188,1
oZnXZHrRAOzVfdopPp8KCQ,85029,3,9,1
PQWE8a6Opjiuzt7DaX2R6Q,85054,3.5,436,1
yzjQvTWiinB8pmbCMu8vuQ,85042,2.5,95,1
ueZc78i4FHSRnCRUqVyivQ,85022,3,11,0
YBIhTjmEH3IEZW4Dr5ReRA,85037,4.5,380,1
8C4R3FLXERdrMtiD5YdLYA,85053,2.5,93,1
LAiBt7LobYM_0_EQrSvK4A,85004,4,240,1
F-dyoTtY6kIPPAJ28Ahuow,85008,4.5,7,1
VrIskBdLuRxS0HsSimJOhA,85003,,368,1
eFKDQ4HDxQ7z7KJj-FGoxA,85009,4,30,1
ZynSNEGuPvGCj3eYIaLPlQ,85020,3.5,124,1
n_n0aT_W10GOPglpzH5atg,85021,2,29,1
HSoKTWnsu7f3yvywWvBQ4w,85022,4,168,1
N_1aKgseCRqjBRwIgNOjQw,85032,3.5,3,0
gKcZz5C32N7llrQst4B7_A,85032,3,7,1
oR0gq3wNyDrpDu1FQNtB3Q,85027,4.5,,1
uD7ninjOe7UxI_7-JVQ3dg,85009,3.5,23,1
BUcyHikUyo4U12-3RvDKlg,85022,2.5,91,0
qTpQ75ewNY8jADWMuGkX-A,85027,2.5,52,1
iiuEt92eGGy_fTvywsTBbA,85034,,218,1
HTsJK-gUSadhYxD0km3_YQ,85041,5,,0
Wrailuq2WkSsd5al9H93Jw,85029,1.5,,1
s45jB1X0W0dFEaTyb2q7kg,85044,5,,1
ibf4xvHWD4t1DOOZhidHBg,85054,3.5,446,1
KYo0OqRr-q-TM2o66MBJYg,85004,4,53,0
yoHRFCn5y9_rn9n_BQr__A,85035,4,66,1
m4yD7dvz998cXM51GbRL_Q,85007,3.5,125,1
HV3Q2JYwK9AvMHPYXcxzag,85021,4,87,0
cpkBJhBujpBFZ0rOItE-4g,85044,4,223,1
6tl_UiTs8uqZO3iSfdMZmA,85016,2,21,0
M3T27BG0Ykwn9ILLSWUZwQ,85042,2,3,1
wbkiwUpt2y5tExVPUsDRfg,85027,2.5,55,1
SeMczUVuKhVwruoJfrThtQ,85033,4,16,1
o9ncq8xQo_hd427lMsQQZw,85004,4,58,0
ytrjNSTjtkBopBLtHDSnlQ,85020,3,,1
FTP0ftOVhhWmCFR01aDf4g,85018,3,4,0
TQ-FgDYJbJhIXTvSdv-jUw,85020,2.5,57,0
jq9gzjKbVWgeMYzA0aFzxw,85003,4,470,1
jlF81N1Hr9tANTfMSRWsLA,85027,3,54,1
7XRbA_t8UNxMHkdslLd5Tw,85043,4,3,0
S_o2Sizjs7xfsEaDfyFm8g,85003,2,15,1
maJvbTIlMjOoZTcsGUqHOQ,85015,3,,1
P-na-PyTJTL-uZ15vEg6zA,85003,4.5,14,0
b5kC2XepQ1-6qCDpvtoxxA,85013,2,49,1
T45K4FeSLlOX_TjEvMImzg,85020,4,158,1
oo-kGk1BEWpuDvSE4gfmgQ,85018,4,651,1
itJJHcstARVqibAUtxjyUQ,85024,4.5,,1
9vkVY5puIHRfKMgJB4LBnw,85050,3.5,412,1
jMPPJmQBBa3iRuWbYbj1Gg,85015,3.5,32,1
sI0xOhJuayslDevcFqBKPA,85032,3.5,12,1
DDHT5ui2j7iHdnmgbkDguQ,85022,4,9,1
zusXbyXnJfS1Q-pZE9elmQ,85027,3,21,1
3C5Z9homtzkWHouH2BHXYQ,85012,4,1887,1
9-3de3NJte9Y2YsE3yl2EA,85008,3,9,1
LCvHBQBxcFm9dyW2uxTO9Q,85017,3.5,18,0
L4onBPjY_sp5gMjYCG8uMQ,85014,5,5,1
HWEwhluaI5-_pgjua0GDBQ,85012,3.5,4,1
MtxfrJwF-OTvJGyWV1PfzQ,85015,4,33,1
sV0jRnJW3FiWIknm2QhXIw,85017,4,12,0
fGeC3wir5IEi0Yq_3RxxwQ,85003,3,,0
zLocUkI5VwnvEPaTsTjTjQ,85029,3,4,1
WWOCqk1Vh605xP-lcb9lhA,85048,3.5,154,1
e1nAwDPG9xMY7blz_UYc8g,85016,4.5,89,1
UPs9WWUl7PLZrCPKbC8NbA,85018,3,20,0
OYEDBt0Z1q6fC92LQMfq7A,85017,,248,1
4NfjvMzUG5rbkxtPg-8pkw,85020,2.5,46,1
e4HsCEpfXT3Djcgm8rSvSQ,85015,4,118,1
joCTjsILsL_gz4JP1xqT8g,85027,4,42,0
QFo4yyKKsDaF6J62Gr9vxA,85022,1.5,11,1
ysihA5Yt-w7SSJXRs36giA,85027,,15,1
aGZPBbF5JqwbCu4aYXbHYQ,85015,4.5,11,1
FKj6537SERSe0SN8yI7-gA,85013,4.5,194,1
ecn5dq7bFA6wCeeNnXxSzw,85020,,211,1
ySkrz264l39YRcZ2-48C1g,85033,3,40,1
1bxJcRAF-2wDY-QbiTCqPQ,85006,3.5,14,0
XAt9Km4EIM6EE7LXwfB2Vg,85022,2,29,1
_MHUEErH3KW_KvVSOjyYhg,85020,4,168,1
lyTIuSgPdyRMx3l7xPzl3A,85042,4,14,0
6-nEqEheFPDowGl_UXz71Q,85016,4,95,1
0fq5tnKGWSCn7T5WOlbchQ,85021,3,,1
zRK93KUNUSLWckxU611QNQ,85016,4.5,90,1
FJDfjRKQU4vLOrZhtFz62A,85053,,10,1
oEpjnZFBOQJNPpTegjgVtQ,85304,3.5,10,1
ck8kvKV33VvPrv_E4kbh1w,85034,2.5,26,1
ngIcoAQTtsDIWuBQcjdHOQ,85040,,48,1
XpX9CjHYlZkQRKKxOeNE_Q,85032,4,21,1
bbMJNMWjd7n2ztcE79ZwfQ,85008,3,20,1
atwQFj5aE26ztytNcf4IGw,85014,3.5,,0
bCp4qpBzL_chlJtHbiVF5Q,85035,3.5,34,1
Rut5I04WZ2Hm2GEyDwk8YA,85073,1.5,14,1
moREnBp0othblOmz0kkj_Q,85029,4,7,1
NAigH4SqnuuQip8lekq7GQ,85027,3.5,55,1
o60ONA3T9gzCX6_8LjWB8w,85023,4.5,71,1
h96UFhWMM6k2xGgvmMoszg,85004,3.5,72,0
GboHJSE9PcqcAc5V3veS-w,85021,2.5,116,1
i1dyYv69qmZkV3-ZvyZ_cg,85020,4,18,1
KFAJsmQ6GnHxyfmv16s9VA,85044,3,1238,1
9PZViPPXgOrk7rY1-K1tZg,85310,,94,1
RAJ8DFyJxG7O1RpyyJTOlg,85017,3.5,11,0
lKvNwcSr8l2iGigLonP-jw,85027,2.5,58,1
v2tjswIV3e0c8o7_7MwYmg,85054,3.5,397,1
X-ZAD3eMkThGL9hrKdQooQ,85015,4.5,285,1
qjuxlHtv_woIw9zPVWri5A,85086,4,93,0
KdGkP141oR20eclgA_VFwg,85073,2,6,0
Yk8WiriuHOkAXufUqGZMyg,85027,3,148,1
QBYjRw_4ohVQwYXjIib5jw,85044,3.5,3,1
2IHmggMLM-hDq4dFmwgzDw,85022,3.5,98,1
TntBPq9eZXFtstCXKx4YWA,85033,5,3,1
yWMpjE_3SSv3QfJxJ_H-4g,85019,2,5,1
9kk7eaffUzXwh-KLmKLxzw,85006,4,88,1
d-bPDQLvb1O7vm_dER7RTQ,85018,4,36,0
H4OS3reuHtgzFMacqHXniA,85051,4,10,0
XF4w6wG1JOvfKZlQcxiWgQ,85054,4.5,197,0
HR143JcKersbylkxUEa_Hw,85015,3.5,6,1
xtJ9ELoKVMbRwZ0ktbVTlA,85034,4,230,1
XHnE__Oec_KDfGTJ7jrIpg,85023,4.5,282,1
EJCeUcvJ6S_-g4cSOfS6nQ,85034,4.5,10,1
W-p6Tx6Wfj0hseH80JgDpA,85021,3,8,1
RrXlDMjW30v2KatCxOobdQ,85028,3,148,1
TtbCOwOpNNzE7fW5CFwyng,85018,4,372,1
0HwrX6P6lh92F0f-A_QzjA,85016,3.5,26,0
IpJZjoW1_Ry4KPyXGzlcYQ,85024,4,20,1
NtP9zu-UWq2f7nS6xGuwZQ,85007,2,25,1
fVJszMsossyPFYEgw1dQ0Q,85053,2.5,18,1
kxlBJj6zXKeWJPq4FqyIUA,85018,4,13,0
nBwOIq5KI-zmxp061dTmgw,85014,3.5,172,1
NPQi6Wq_-WWepYf5BDth8A,85013,5,4,1
#NAME?,85032,4.5,43,0
aZshH0IfszzZyXkoVLPVuw,85037,3,49,1
g8IjY7yHdhlsFiT0VZbpVw,85035,2,3,0
B_gb0gTg1lzWZ9RcIiXNFw,85006,4.5,10,1
VqutAZTwEgFj7FNoTjk3CA,85023,1.5,50,1
ZP7U4qUCMjIvasWV7a_mgg,85040,3,115,1
c7JoAt6a3Ufkpn3TrGU23A,85009,3,6,1
PvAOQjUxoWlWqNbiO2tthQ,85022,4,28,0
2DUdvdQE8FOxCHHp59HHzw,85016,4.5,415,1
4r0Ho5rbAZ_BhXvpQmxbag,85034,1.5,15,1
urIrpc65a9q1UgendPq0QA,85008,4.5,7,0
q6DddOoOR2A1_-M2g2PGqA,85003,,21,0
aIDCm_31--whoSJl4LhEZA,85008,2.5,13,1
E_DXCeVllZtHV93hsAIZvw,85008,4.5,325,1
W36vefYka0IZAPWygxJtqg,85034,4.5,122,0
ACFgUUcv_gOGwYvTnuqusw,85001,4,5,0
V6ncIv5oqZK6_b_O77W1NA,85016,3.5,101,1
vaUE_rf0ctrUjPibmBDBYA,85016,4,4,0
rdecr4xz5BJEs7ZJW01H_w,85003,3,5,0
zdW81Pk8Q3jA5sMj9AHOrA,85031,2.5,20,1
PGzprYh4koGuKUH_jJa2oA,85021,3,32,0
owtAH-xAVf_hS2rFNGAXsQ,85048,4.5,50,1
Vp9TrF9P4ifIRAMcte-ycw,85044,3,119,1
XdhoZK1LYGYmmnUwpFNV-w,85032,3,78,1
yhdhklGlRsoeW-x7A_pVmw,85019,3.5,4,0
ONyDFp4eO9T_igeM2wdiMQ,85032,4,182,1
DXEFudrUtZxSgZHkzdBU1g,85035,2,10,1
zqRCYBmgCVaSNy-AfLNUwA,85003,1.5,5,1
kTOkG7nkc_mIEzGqyPoFlA,85051,3.5,3,0
fyFmamI9xY0_OOgH6tO3pg,85027,4,62,0
CCkHpLugN5g4_Ikfn5X1Sw,85029,1,5,1
we9jAQc-SPmFKbdNssj5-A,85037,3,23,1
7M3WAS6E-zLmeo3R7B5Gyg,85034,3,4,1
XTmqUnO9FFbdbE4xL7Vhlw,85032,2.5,32,0
gWqFm3z-XWJJd7bQUyCbRw,85018,3.5,3,1
ckJXV05NfciL2S1aHAleaA,85014,4.5,73,1
RJKbewB0SzRZpIvQmiF-dQ,85022,,45,0
h6neYN7OZVt9_ok2bAx6BA,85051,2.5,67,1
2ADoawEfSAZpnQSwVEo5Ig,85023,2,25,1
h1VTkQnZ7CSb3jl_MdsFhg,85034,4.5,,1
YldDAMx_clAjANNngh--fw,85015,3.5,3,1
sS__otwzn0INyR_5Dimfdg,85007,4,117,1
fwlsrYv844wMwyMdk0RCyQ,85032,3,33,1
FdrZJQL_FYKqR96L05gzcg,85014,4.5,,0
8EvgKu_VpVXJ0KUvrxS7BA,85027,3.5,135,1
P9KhwXBuHkJEif6TTJsGuQ,85050,3,129,1
UC2J3v00-n8WE34BGs2HEw,85016,3.5,73,1
19LQmaLOi22V5RrI3eB5lA,85017,4,50,1
RvXLcPXhEsHSKzcmBA3d5g,85031,2,25,0
muX4qU5C3EgKIHdXjy0UsQ,85044,4,28,0
HpcB3ucrI2kecd7mOVFYNg,85048,4.5,5,1
GWaS_XugSFzw1g8SEbpmHQ,85051,4.5,,0
BbL4dqcfogPoqI5XZbdULw,,5,5,1
F-TlMLvO9VBf42ZLnrI-zw,85045,4,5,1
B9E9X8mm_k2Ry-lHx9wEDw,85028,3,70,0
4aF5GfnVkJPj9IwJ2yxPtQ,85032,4.5,302,1
Tl2nqtPXlLbAG3qkUYVM2g,85018,4,181,1
l6JOO9a7vGb7YmaFYv_yqw,85007,1.5,19,1
IdNMRM2U4GK7zbsD7R2BWA,85053,4,276,1
6VZ4T_BnTl8swN-g06ZVYg,85027,1.5,19,1
p_V8gH43zZx0Gh_EA__hdg,85051,3.5,68,1
5P7zzVhWvO8nXGPdy7xqhw,85023,4.5,260,1
L6Jnx7zUHDxBZ5e-OYSqLQ,85016,4,25,0
_RYkQNjV_D6xOzRp3RwVOQ,85035,2,12,1
voC46nRQbLeUG-ANS9vYXQ,85016,4,10,0
_A_lwrq7gcG0GFLxlI1i4Q,85023,5,112,1
DwpG-OUCu9Oj0tk3P445Bw,85073,4,5,0
fgxW2Eww2MzMHd8eWT58Ig,85041,4,129,1
TM3UY0fCq0CQbuskoq0OWQ,85054,3,182,1
l683preTG0GIk9XMaHAUNA,85008,3.5,20,1
2taEpRhS7uh7xGZIiLI73g,85008,2,6,1
QMI6A2H1N3SwKU69SiASJA,85006,,145,0
MCaSL4S-Y9_SpZI7bMQIEw,85040,4.5,29,1
IaJ8ZCKxKFzgNoIFNCc0YQ,85044,2.5,7,0
kzuQsq0KPWLeKFtnLXXyHg,85040,4,,1
aXAp5q8b__mZu7w_ewjLFw,85043,3.5,26,1
LfHUUOyJXWzUbyDrYfHHkw,85085,2.5,152,1
k8gsrz7gunXPYlOvDfJNBg,85006,3,15,1
MwEUaeh_V8SPcVKbSVX25Q,85009,1.5,10,1
uQcS6OcgXNHej5AJ-ICkbw,85032,4,3,1
Kf4V2oBzw0tVvsSxnHDApg,85050,3.5,8,0
JtvdUCawl-oIKXU9G06Log,85004,4,144,1
gQnOzzIX94qZBzyYExlM0A,85034,2.5,47,1
maz1Db6xp3m5tcygWHQIkQ,85048,2,3,0
HORILLsQHEMc5o9bIoDJMA,85019,4,11,0
2teTh-s_j_5JxXdn70T8XA,85020,,49,1
B1jlDEUrVyPgR4vOMnaiKQ,85034,1.5,21,1
OVR4PMFoLHJB5KjFeK6Sew,85033,1,4,1
XSClqCFZ8rCV2qIONha1MA,85004,3,6,1
ViFDeMpfxe0EdIgOhX48Kw,85004,1,7,1
036SeqOKaKx89Liw5RDKqA,85048,3.5,40,1
_-OJ4-bPGyKQ9Hcc5JeSqw,85016,4.5,10,1
3AR0coEEReWxcbMxgS2DQg,85016,2,3,0
3QQEc5QUP-h6LCkUZQEYQw,85053,4,514,1
h30GZNXgB1GktpScLThGPg,85023,3.5,123,1
bFdXX34Ql59hmeuApRBmLg,85085,1.5,13,1
CopCF0_RumhBLIIB7eNyxA,85009,3.5,41,1
IfUBaH9VA-YOzJ8_rsfzhw,85016,2.5,11,1
wwPeVjPMM0pTfG2PmXzvUw,85004,2.5,3,1
T0lKnGKXkhWepAQaj7pOCA,85021,3.5,52,1
2DkHpKLssE4GsIeWMAz97Q,85013,5,55,1
xrqEP3K5PO9knkmDw4dIig,85015,3,19,1
hU6sN5r6vayqm_RMgvPGOQ,85004,3.5,178,0
30PzafMyWvh5fYZ8yV_qBg,85017,3,60,1
ocXPQsWEpC0KF6tZezEBpA,85051,,17,0
DW5TmdNGhepqrB0JGHnJ_A,85007,4.5,208,0
okX1jSK4-4uPdglVFNYhSw,85027,4,40,1
ZLG7N4VDGzo7V0ViITi93Q,85031,4,92,0
2SHu52w_w4Z4ACq-vx3a-Q,85035,2.5,,1
m_72eIu-gFJI8s17AJrsWQ,85016,4,22,1
MsMe7gI4WZf6DjmQKqNweg,85021,,6,0
5YTUIWa0JoEOWUh83hRbdQ,85042,3,8,1
ZxO1vuGoiCzir1r9Ma3BfQ,85027,4,17,0
vFnzV9uy9nEXFQgkSuv_AQ,85022,2,25,0
7DBu4i4sN9I8HWS3YaxArA,85032,2.5,8,0
vQ58sP3oipv3n5eGQHcnGg,85004,2.5,16,0
oyUtPCiEDlYiUE2kSeFq7A,85014,3,10,1
KWTv8elo9HiN9sIKvN0_bQ,85035,4.5,10,0
ZaIzVnhaV0ZBSoEwz8Rbvg,85012,3.5,36,0
h9ReOyMihmTLg3Z5HbapTQ,85310,2.5,14,1
2bbz-vF5bEbmPU52OPIWKw,85006,5,20,1
OmJ0z1Vu0prxkfTROQ5KwQ,85034,5,27,1
DmyS9b7ykIOo7XwYt5I9wg,85073,2,8,1
jI9yhdrdCnN-bhzH0WbXbQ,85048,4.5,11,1
333W59XcrXZsJlnBAAx5mQ,85013,,290,1
fGw9HRq8fdP9fMtZclTt8g,85023,3,57,1
imB4DVyS7LV4iEZkUD3j1w,85051,3,8,1
wq_z45JX4Ey4zg2HkKVkAw,85051,4,3,0
#VALUE!,85048,3.5,62,1
RL5Gy9NOewYetWERtD8T1Q,85032,4,53,1
jjPEFKH34zlpS4MaCkFMxA,85023,3.5,5,0
JGgfpQf4iTn-doOUc4SEzA,85022,4,36,1
AIMfPkVKeBqnCysGMv5XRw,85018,4.5,5,1
IIy_jEsS00Zm67CgNVEzBg,85018,1,3,1
PP9ZfC_JUufbrPRPHD7FJQ,85020,,40,1
JDwUNHYA_-FvxEMRvHniig,85034,2,71,1
CtI7MMRF-arzGJxA1nJccQ,85014,3,55,1
KZvG9gUOMnbCFjzN1JTREQ,85054,3,22,0
vx1gUYqYQE2O5rfOrUi-Cw,85004,,340,1
aEtbXqbkf2BnwEVWQ2yjUw,85004,4,370,1
PiSHKXidMvVMGpTkWO7qiQ,85086,3.5,52,1
sU1sSEOHvd4ex72miOKMEQ,85008,,28,0
jaDTCxAGbK3N9XmO5gvhig,85014,3.5,38,1
l0rbgnvy2jSeUUEBUK4B8A,85032,4.5,89,1
YauBkH-HEx148jC0pv4Hcg,85016,4,603,1
ghpFh6XpH1TYZhjAGdx-xw,85012,4,255,1
tuKDMk14sSDuaealJSYrdA,85004,,3,1
GqGVAE3kbEW46FU1LydVUg,85044,3.5,292,1
6AYMdVnWkFWTk1uEHGUmZg,85008,3,4,0
pneBBrIzd3SCbbglYRTBZA,85048,3,4,1
GGbo2tJk2yQuPxO5aWG3rg,85008,4.5,58,1
btpabbkjNy0HPn1_4Ky4XQ,85044,4,3,0
7BhhApVhGkADy-SlwAikQw,85051,4,5,1
HA-XuUUxjBv9MjgNfC29zw,85015,3.5,11,0
ee5Y3CUhsgCwQIEgXOOixg,85032,4,6,0
Do72DKBclgkSPt6jZ9-c4Q,85021,3,199,1
PimM2W3rLX0nwSBHAypb8g,85034,3.5,3,1
kqZwCJyVXZl9OHDbr2a4Fg,85034,4,,0
0Mp_0j2dfMXE6l-3Raqorg,85051,3,,1
67uv5149jmJTYt14pm6IcQ,85003,,15,0
_S3w4vjlFUkgx56Ji34Jpw,85054,,68,0
rgZjPYSdZtS4xSTrx45PLQ,85018,4.5,60,0
xj3Wk4QXwSNHdOSbZyuqBw,85012,4.5,9,1
M5gj8a6Qtjy06lh3L5zUqA,85018,4,313,1
rszcwKpor7gvdntP63i-og,85016,3.5,6,1
gE07l6v5mp5TPM4awcm5Xg,85032,3.5,48,0
Jj8ubiwwuCR-rrhrrjcryw,85015,4,686,1
f3K2hJ2sJBCtyc1M6O2jpw,85029,2.5,,1
jzvL3Fd5nKBtmLDlAMWE6w,85043,5,5,0
0CElIQnJdQYF2bmsAiWczg,85020,4,426,1
R_18EYQLNho8-xH6FTRymw,85017,2.5,21,1
vcVsK2qq743JzJ67abICDg,85013,4,6,0
RvG07zPC9O_g9GXA5Lt9gQ,85012,4,139,1
fS6mjuZwLnTyEFcjI6csDg,85017,4,25,1
Hgzn5sm-SFFf21sPPovTRw,85040,2,4,1
HTZ5flpShCjnNA5XdtAVhQ,85013,2.5,3,0
eVNio5bnzrLPuebbgnKVzw,85003,2,48,1
mjeolbU52n--a9Lg4ygg6w,85054,3.5,23,0
xg9iuZBcj7SfmiNcoT9VOw,85043,4.5,3,1
CV0knwCFA-x-8jJHot6Few,85023,4.5,431,1
Uxyc9jyxZ_h2awnz5bAVMA,85016,3.5,72,1
IUMyUYOIR9UQ7XGIEQKOuA,85034,2.5,120,1
yb7ZtgMWSZboG_sSUx9g2A,85032,4.5,176,1
NxZIySJr3DjROJBkl_KaEg,85339,3,44,1
piHJq_NDrOh5SYk3AyQVOg,85018,3.5,,1
wmwZ9qDtunmMiHn0y5Fcbw,85042,3,30,1
k4jX-Xe9dFu2pmdnlrcwgA,85004,3,63,0
BRSm3aYdTbvc3TakfinHCg,85073,4.5,7,0
AzYkEcENi7I1DsR2iushEg,85016,4,102,1
SmvbMiF0CX7EFveYPAhowQ,85254,3.5,76,1
a_ai1uMhAqQSYaO_QNmnSw,85033,3,117,1
fB8bcO-lu6Nx2SyqSbDTvA,85006,5,3,0
ELxoOY2F-1jSb8mqyN7Zbg,85016,4,59,1
SX1iXNodzkoMWOgsYgjeRQ,85004,3,3,0
xceERetY6Q9Pu_BQ32xpeA,85034,2.5,84,0
uG4YxC4OA0bg6S_Yko2pMg,85004,1.5,10,0
_iKCtDTYEUasLkzmhCgv3w,85004,2.5,13,0
ALonfg58V5r4BOwxiGZcfg,85029,3,126,1
OW8ZTM0Bd6R0BH6u-6Wkag,85034,3.5,90,1
