name,postal_code,stars,review_count,is_open
Cold Stone Creamery,85032,3.5,37,1
House of Blunt's Smoke Shop,85008,5,5,0
Copper Square Cafe,85004,,3,0
Wang’s Express,85032,3.5,108,0
Safeway,85051,3,22,0
Carl's Jr 7091,85022,2,29,1
Carniceria Mi Casita,85015,3.5,3,1
The Dipping Well,85041,4,4,0
Abby's Grill-Cafe,85022,3,5,0
Taste Of Honduras,85021,4,15,1
AZ Deli Company,85012,3.5,4,1
Stella,85016,3.5,59,0
Dark Hall Coffee,85013,4.5,107,1
Fuego Bistro,85014,4.5,746,1
Logan's Roadhouse,85085,3,196,0
E-san Sab Sab Thai Cuisine,85020,3.5,84,0
Safeway,85048,3.5,17,1
QuikTrip,85029,4,7,1
Athens Pita & Greek Grill,85004,3,25,0
Silver Spoon Cafe,85004,3.5,9,0
Wendy's,85023,2,25,1
Burger Shoppe,85009,4,4,0
D'licious Dishes,85013,4.5,45,0
Custom Food Service,85034,3.5,3,1
Panera Bread,85034,2,55,1
The Play Factory,85050,2.5,116,0
Fiddler's Dream Coffee House,85020,4,8,1
La Mirage,85053,,3,0
La Piñata,85015,4,137,0
Safeway Food & Drug,85020,2.5,12,1
Don Taco Mobile Taco Stand,85032,4.5,7,1
Starbucks,85007,1.5,19,1
Lucky's Burgers & Hotdog Grill,85054,4,99,0
Valero Corner Store 1654,85044,4,3,0
Zax Cafe,85021,4,15,0
Starbucks,85023,4,13,1
Sky Lounge,85004,2.5,35,0
Filiberto's Mexican Food,85031,3.5,5,1
LaBella Pizzeria and Restaurant,85014,4,116,1
Gigi's Cupcakes of Phoenix,85018,3,56,0
Scooptopia,85012,5,47,1
La Canasta Mexican Foods,85003,3.5,198,1
Burger Factory,85013,3.5,132,1
Waffle Taco,85019,4,6,1
L.A. Roots,85048,4.5,5,1
Appetite Xpress,85013,4,6,0
Los Compadres,85021,3,106,0
Subway Restaurants,85042,2.5,7,1
Otro Cafe,85014,4,,1
Uptown Plaza,85012,5,5,1
Papa John's,85040,3,22,1
Mariscos Vuelve a La Vida,85006,3.5,14,0
Tariq Restaurant,85008,4,7,0
Sky Cafe,85040,3.5,3,1
Sharks Market,85032,4,4,1
Rice Paper on 7th,85006,4,180,1
Burger King,85020,1.5,19,1
El Burrito Grande,85009,4.5,7,0
Red Mango,85054,4,14,0
Cold Beers & Cheeseburgers,85014,3.5,355,1
Quiznos,85024,3,20,1
Starbucks,85014,3,55,1
T&J Gyro and Burger,85027,3.5,3,0
Rev Cafe,85040,3.5,,1
Safeway,85027,3.5,8,0
Einstein Bros Bagels,85003,2,48,1
Restaurante Y Pupuseria Los 3 Hermanos,85015,4.5,11,1
Eye Opener Family Restaurant,85021,3,32,0
Taste of India,85022,2,25,0
Asahi Bakery,85016,4.5,96,1
St. Mary's Food Bank,85009,4,30,1
Dunkin',85022,1.5,11,1
Capri Market & Deli,85018,,3,1
Subway Restaurants,85016,2.5,11,1
Sing High Chop Suey House,85003,3,147,0
Taco Bell,85042,2.5,11,1
Press Coffee Food & Wine,85034,4,123,0
Ling and Louie's Kitchen,85016,3,46,0
Streets of New York,85310,,94,1
Freak Brothers Pizza,85004,4,53,1
Olive Garden Italian Restaurant,85035,2.5,131,1
Samurai Sam's,85015,2.5,18,1
Altamimi Restutant,85051,4,4,0
Green Tea Chinese Restaurant,85048,3.5,62,1
Hooters,85023,,,0
Ghost Lounge,85004,3,31,0
Panini Bread and Grill,85008,5,12,0
Soup & Sausage Bistro,85022,5,172,1
Breakroom Bar & Grill,85008,4,87,1
Copper Square Cafe,85004,,3,0
Jesse James Body Wellness,85250,5,11,1
McDonald's,85013,2.5,32,1
My Mom's Thai Kitchen,85003,3.5,54,0
Family Squeezed Lemonade Arizona,85048,3,4,1
Divinos,85053,3,36,1
Jimmy John's,85037,3,49,1
Fuego Taco Shop,85032,4.5,176,1
Sushinola Roll,85019,4,16,1
Dick Clark's Bar and Grill,85073,1.5,14,1
12th Fairway Bar & Grill,85034,1.5,21,1
Tilted Kilt Pub & Eatery,85003,,368,1
Raspados Solaris,85020,5,65,1
Dima's Tacos,85006,4,5,1
New India Bazaar,85006,3.5,178,1
Raspados House,85040,4.5,7,1
Jackalope Flats,85034,1.5,15,1
Squash Blossom,85004,3,63,0
Sochu House,85004,,,0
Dolce Luna Gelato,85048,3.5,3,0
Pei Wei,85018,2.5,199,1
Sara Lee Bakery Store,85016,3,3,0
Pronto Pizza,85022,1,3,1
Skunk Creek Flats,85085,3.5,28,0
Xanadu Coffee,85013,5,4,1
SanTan Brewing Company - Uptown Phoenix,85014,4,129,1
Wong's Chinese Dining,85034,4,122,1
Unlimited Coffee,85020,4,38,0
Outback Steakhouse,85054,3,182,1
Taco Boy's,85004,,36,1
Roma Garden Ristorante,85032,4,223,1
Hibachi-San,85051,4,3,0
Mi Tienda Latina,85006,4.5,10,1
Bodega 420,85004,4.5,10,0
Henry's Liquors,85029,4,7,1
Toasted,85013,4,101,0
High Street Farmers Market,85054,4.5,5,1
Starbucks,85034,3,4,1
Ray's Pizza,85027,3,54,1
QuikTrip,85029,3.5,30,1
Subway Restaurants,85051,2,4,1
Handy Hero Services,85042,4,19,1
Ancient Therapies Studio,85007,5,,0
Taco Mich,85017,3,37,1
Stacy's Off Da Hook Soul Food,85021,3.5,52,1
Thai Basil - Ahwatukee,85048,3.5,154,1
Vaqueros Carne Asada,85041,,71,1
Salsitas,85037,3.5,19,1
Tam's,85040,4,,1
Sugar and Lace Bakery,85053,5,5,1
Sa Bai Dee Thai Cuisine,85051,4,10,0
True Brew Coffee,85022,4.5,96,0
Firehouse Subs,85016,3.5,113,1
Yogi's Grill,85085,4,117,1
Shangri-La Chinese,85029,4,161,1
Dubb Ya Bees BBQ,85014,5,5,1
Mornin' Moonshine,85003,4.5,14,0
Mrs White's Golden Rule Cafe,85034,3.5,447,1
CRUjiente Tacos,85018,4.5,319,1
Circle K,85007,,8,1
The Magic Mushroom Burgers,85013,4,236,0
Lao Ching Hing,85008,3,42,0
Denny's,85043,2,,1
Jimmy John's,85040,2,,1
El Bravo Sky Harbor,85034,2.5,84,0
Valero Corner Store,85073,4,5,0
Cafe Valley,85043,3.5,5,1
Poke Bar,85054,4,50,1
Ray's Pizza,85073,3.5,45,1
Frank Food Truck,85007,4,26,1
Pioneer Restaurant,85086,4,4,0
Rubio's,85050,3,77,1
Albertsons,85050,3.5,49,1
Big Guy's Sports Grill,85032,3.5,48,0
Jersey Mike's Subs,85003,3.5,40,0
Hidden Track Café,85003,4.5,41,1
City Tacos,85022,4.5,106,1
Alice's Cuisine,85027,5,10,1
Old Heidelberg German Bakery,85016,4,102,1
Aioli Gourmet Burgers,85028,4.5,339,1
Flowers Craft Beer & Wine,85004,5,12,0
IHOP,85035,1.5,117,1
El Conquistador,85022,3.5,56,0
Great Wall Buffet Two Corporation,85051,2.5,11,0
Caffe' Italia,85013,3,23,0
Kozy Cactus,85032,3,13,0
Barro's Pizza,85048,3,118,1
L&L Hawaiian BBQ,85027,3,205,1
Dairy Queen Grill & Chill,85024,2.5,31,1
The Pickleback Bar & Grill,85029,3,4,1
Bahama Buck's,85048,4.5,50,1
O'Briens Sports Pub,85051,3.5,63,1
Mariscos Y Barbacoa La Bella,85008,3,9,1
7-Eleven,85018,1,3,1
Center City Catering,85032,5,3,1
JB's Restaurant,85051,3.5,48,0
Port of Subs,85027,3.5,55,1
McDonald's,85310,2.5,52,1
Press Italian Street Food,85008,4,4,0
Murray and Sons Construction,85022,1,,0
GreenMix,85048,3.5,22,0
Domino's Pizza,85044,3,34,1
Cibo,85003,4.5,2164,1
Pizza Hut,85033,,17,1
Squaw Peak Cafe,85016,3.5,,1
Noodle Bar,85003,,459,0
Native New Yorker,85051,4,3,0
Gallagher's,85024,3,84,0
Oregano's Pizza Bistro,85032,3.5,424,1
Panda Express,85022,2.5,48,1
Semiramis Restaurant & Cafe,85032,4,5,0
Golden Valley,85021,4,13,0
Robeks Smoothies,85016,4.5,12,0
Sonoma Casual Dining,85003,,15,0
Walmart Vision & Glasses,85032,3,6,1
Panera Bread,85034,2,55,1
Abacus Inn Chinese Restaurant,85044,3,14,0
Potbelly Sandwich Shop,85004,4,90,1
Salt River Tavern,85012,2.5,3,1
Drip Coffee Lounge,85006,3.5,35,0
Captain Bill's Submarine,85029,4,135,1
Subway Restaurants,85308,3,11,1
Dunkin',85032,2.5,,1
Hungry Howie's Pizza,85024,2,18,0
Rotana,85022,3.5,126,0
Greektown,85020,4.5,375,1
Arriba Mexican Grill,85048,3,288,1
Down South Restaurant,85034,3,10,0
Artbar Bistro,85004,,5,1
Old Town Sarajevo,85051,4.5,335,1
Freshii,85004,3,9,1
Encinas Meat,85033,5,3,1
Red Thai,85020,3.5,374,1
Veranda Bistro,85020,4,18,1
Paint-A-Holics,85028,5,20,1
Upper Crust Pizza Midtown,85016,3.5,78,0
Safeway,85016,3.5,66,1
Red Wok Buffet,85018,3,145,1
Popeyes Louisiana Kitchen,85053,2.5,93,1
Chili Verde's,85013,2.5,3,0
George & Dragon II English Restaurant Pub,85040,2,,0
Miracle Mile Delicatessen,85016,4,144,0
Azool Grill,85086,3.5,,1
Mr Leno,85037,,58,1
Chick-fil-A,85028,3.5,124,1
Pizza Studio,85003,4,195,1
Starbucks,85044,3.5,3,1
Morning Glory Cafe,85042,4,,1
Angelinas Mexican Food,85017,4.5,3,0
Yogurtini,85085,4.5,63,1
The Coffee Bean & Tea Leaf,85034,2.5,47,1
My Fit Foods,85044,4,28,0
QuikTrip,85016,3.5,37,1
Jacked Ice,85283,5,14,1
Red Lobster,85035,2.5,59,1
Tortas El Manantial,85035,3.5,34,1
Church's Chicken,85029,3,27,1
Rita's Italian Ice,85018,4.5,71,1
Chick-fil-A,85054,3.5,109,1
Sushi Nakano,85048,4.5,159,1
Bite Cafe & Bakery,85022,4.5,3,0
Irie Jamaica Restaurant,85040,3.5,8,0
Grate Roots,,5,5,1
Green Chile Grill,85027,4.5,27,1
Taco Bell,85023,3,,1
Peddler's Son Produce,85034,4,4,1
Coneheads,85032,5,34,0
Hopdoddy Burger Bar,85016,4,572,1
Grill 36,85042,2.5,6,1
Streets of New York,85022,3.5,98,1
Bamboo House,85022,3,93,0
Stumpy's Pizza & Subs,85020,4.5,302,1
Fresh Vitamins,85032,2,4,0
Bountiful Baskets Food Co-op,85073,3.5,83,1
Taqueria Don Pancho,85033,4.5,35,1
Level One Market,85004,3,6,1
Crazy Jim's,85003,3.5,97,1
Plaza Bonita,85085,3.5,214,1
Rehab Burger Therapy,85014,4,186,1
Church's Chicken,85029,3.5,22,1
Tipsy Tea Party,85016,4.5,10,1
Famous Ray's Pizza,85085,3,94,1
Pizza Hut,85040,2,46,1
Tony's Italian Delicatessen,85020,4.5,149,1
Corner Bakery Cafe,85016,3.5,76,0
Del Taco,85048,3,44,1
Subway,85003,2,6,0
Tammie Coe To Go,85034,3.5,29,1
Momenti,85028,3.5,18,0
Paradise Melts,85018,4,30,1
Il Primo Pizza & Wings,85017,3,3,0
Dippin' Dots Ice Cream,85085,4,3,0
Mi Amigo's Mexican Grill,85004,3,,1
LaMar's Donuts & Coffee,85023,4.5,260,1
Kozy Cactus,85032,3,13,0
Hal O Penos,85051,,17,0
The Loaded Cupcake,,5,4,0
Chili's Too,85073,2.5,29,0
Let's Do Lunch,85029,4,22,1
Long Wong's North Phoenix,85032,3,5,0
Pinky's Cafe,85022,3.5,8,0
Bosa Donuts,85051,3.5,68,1
Yoshi's,85022,4,36,1
Fry's Food & Drug Stores & Fry's Marketplace,85023,2.5,,1
Circle K,85029,1,5,1
Maya Mexican Antonjitos Snacks,85051,2,13,0
Qdoba Mexican Grill,85012,3.5,30,0
Celas's Pizza,85020,4,29,1
Nami,85006,4.5,768,1
Cafe Eden,85034,,3,1
Dima's Tacos,85006,4,5,1
Ralph's Snack Bar,85043,3.5,26,1
Discount Nutrition Superstore,85022,4,9,1
Taco Mich,85051,2.5,69,1
New China,85042,3,13,1
Fontanas Pizzeria,85032,4,5,0
Ah-So Sushi & Steak,85085,3,305,1
Yogi's Bistro,85001,4,5,0
Subway Restaurants,85051,2.5,8,1
Sonic Drive-In,85040,2,31,1
Krispy Krunchy Chicken,85008,1,9,0
Leo's Ice Cream,85018,3.5,3,1
Wildflower,85034,4.5,136,1
Pete's Fish & Chips,85008,3.5,3,0
Panda Express,85032,3,34,1
IHOP,85021,2.5,116,1
McDonald's,85022,2,43,1
Dairy Queen Grill & Chill,85012,3,44,1
Zesty Zzeeks Pizza and Wings,85044,4,364,1
Starbucks,85003,3,65,1
IHOP,85016,,56,1
Gyro House 32,85032,4.5,72,1
Food City,85051,3,8,1
Baskin-Robbins,85014,3.5,,0
Smart & Final Extra!,85009,3.5,12,1
Little Caesars,85032,3,10,0
Franks A Lot,85034,4,,0
"Ohya Sushi, Korean Grill & Bar",85054,,300,0
Krachai Thai Kitchen,85053,4.5,255,1
Starbucks,85022,2.5,46,1
Texas BBQ House,85040,,394,1
Marisa's Mexican Seafood Cocina,85019,,79,1
Taco Bell,85044,2,22,1
Meritage - An Urban Tavern,85054,3.5,137,1
Walmart Supercenter,85041,1.5,68,1
Captain Bill's Submarine,85029,4,135,1
Mediterranean Pita,85033,4,6,0
La Cocina Economica,85006,4,69,1
Marston's Cafe,85004,4,21,1
QuikTrip,85017,3.5,13,1
The Duce,85004,3.5,824,1
McDonald's,85020,,40,1
Cold Stone Creamery,85073,2,3,0
Jetbox Market,85034,2,3,1
Silver Dragon Chinese Restaurant,85021,4,87,0
Desert Donuts,85086,4.5,276,1
McDonald's,85037,1.5,36,1
Centrico,85004,4.5,,1
Restaurant Atoyac Estilo Oaxaca,85021,4.5,112,1
W XYZ Bar,85034,3.5,3,1
Lola Coffee,85003,4,470,1
Dilla Libre Uno,85020,4.5,194,1
Circle K,85022,2,6,1
Papa John's Pizza,85022,2,8,1
The Living Room Wine Cafe & Lounge,85006,4,37,0
Thai Thai Kitchen,85029,4.5,130,1
Tryst Cafe - Phoenix,85050,4,671,1
Bragg's Factory Diner,85007,4.5,208,0
El Quiche,85022,,3,0
Tea Light Cafe,85054,4,376,1
99 Ranch Market,85008,4,18,0
Famous Ray's Pizza,85085,3,94,1
Little Caeser's,85016,,7,1
Pomelo,85020,4,335,1
Ramiros Mexican Food,85032,3,26,1
Ewn's 2,85040,3.5,18,0
Daddy O's Grill,85029,3,126,1
Speedy Street Taco,85034,4,370,1
Sprouts Farmers Market Express,85054,3.5,5,1
Denise is Cooking,85004,5,7,0
Mi Familia Mexican Food,85083,3,174,1
Starbucks,85051,3.5,6,0
Circle K,85022,2,6,1
Mariscos Culiacan,85040,4.5,3,0
The Sweet Pea Bakery and Catering,85003,4.5,15,0
Two Hippies Beach House,85020,3.5,14,0
Mariscos Ensenada,85006,4,75,1
Two Hippies Dropped Out of College and Opened a Pizzeria,85013,3,39,0
JL Smokehouse,85040,5,146,1
Siderno Italian Bakery,85043,4.5,3,1
Seed Cafe,85018,4.5,60,0
Subway Restaurants,85048,2,16,1
Church's Chicken,85007,2,25,1
El Pollo Correteado,85009,4.5,34,1
Niro's Gyros,85044,,233,1
Target,85015,4,118,1
Taco Bell,85013,2,49,1
Crave Sandwich Cafe & Catering,85004,4,44,0
Los Sombreros,85012,4.5,9,1
Toby Keiths I Love This Bar & Grill,85054,2,,0
Tacos La Lomita,85037,3,22,1
Dunkin',85037,2.5,23,1
Nypd Pizza,85034,3,8,0
South Mountain Cafe,85040,4.5,74,0
Jamba Juice,85032,3,38,1
Rolberto's Taco Shop,85032,3,3,0
Duza's Kitchen,85006,4.5,,0
Chipotle Mexican Grill,85016,3,145,1
Desert Jade,85018,3.5,258,1
Mucho Macho Taco,85013,4,208,0
Joe's Diner,85016,4,148,0
Black Angus Steakhouse,85051,3,172,1
F1 Food And Fuel,85020,5,3,1
Pizza Hut,85015,1.5,32,1
Anzios Italian Restaurant,85029,4,456,1
Chula Seafood,85012,4,132,1
Blue Saguaro Cafe,85020,3.5,9,0
Church's Chicken,85019,2,5,1
1130 The Restaurant,85004,3.5,256,1
Jersey Mike's Subs,85085,4,95,1
Corner Bakery Cafe,85016,3.5,76,0
Coup Des Tartes,85016,4.5,176,0
Good Fellas Grill,85023,4.5,431,1
Bertie's Of Arcadia,85003,5,3,0
El Rey De Los Ostiones,85017,5,8,1
United Steaks of Cheese,85007,3,6,0
Panera Bread,85085,2.5,152,1
Cost Plus World Market,85016,4.5,65,1
Shell,85014,,4,1
Isa's Pizza,85022,4,156,1
El Tacazo,85040,,20,1
Safeway,85013,2.5,105,1
Bamboo China Restaurant,85020,3,40,1
Chestnut Fine Foods & Provisions,85018,3.5,,1
Yogurtini,85022,4,144,1
WtfExp,85034,,218,1
Maximillians Coyote Cafe,85016,,3,0
La Playa Mar y Tierra,85033,1,4,1
Taste of the Biltmore,85008,4.5,7,1
Santanas Mexican Food,85009,3,6,1
Balkan Bakery,85022,5,64,1
Daisy Mountain Coffee Roasters,85086,4,93,0
The Vault Cafe,85016,3.5,3,0
IHOP,85044,3,119,1
Blue Fin,85004,4,234,1
Sweet Land Cake,85018,5,33,1
Vatra,85018,3,26,0
White Cup Coffee,85018,4.5,82,0
The Loaded Potato,85040,4.5,65,0
Oasis Raspados,85015,4.5,3,1
Whipples Fun Center,85022,4,84,0
Fuddruckers,85016,3.5,3,0
The Original Wineburger,85013,3.5,139,0
Sonic Drive-In,85037,2,30,1
Tacos Mexico,85006,4,4,0
Smokehouse Bar & Grill,85032,3.5,46,0
The Cracked Egg,85051,4,325,1
Soleil Bistro,85040,4,4,1
Panaderia Y Tortilleria,85008,3.5,20,1
Mary Coyle Ol Fashion Ice Cream,85013,4,153,0
Harley's Italian Bistro,85013,3.5,173,0
The Keg Steakhouse + Bar - Desert Ridge,85050,4,501,1
Village Liquors,85032,4,5,1
El Super,85015,3,19,1
Waffle House,85040,3,115,1
Abyssinia Restaurant and Cafe,85014,4.5,198,1
Cold Stone Creamery,85016,2.5,46,1
Bashas Supermarket,85016,1.5,3,1
Schlotzsky's,85023,3,57,1
Taco Bell,85014,3,37,1
Doughbird,85018,4,651,1
Sharks Market,85032,4,4,1
Los Dos Molinos,85034,3.5,83,0
Secreto,85048,3,115,0
First Cup Ethiopian Cafe,85015,4.5,4,1
Burger King,85009,1.5,10,1
Del Taco,85021,2,29,1
Park One Cafe,85016,5,9,1
Jimmy & Joe's Pizzeria,85032,3.5,21,0
Philly Affairs,85034,3.5,5,1
Nothing But Noodles,85073,2,6,0
Walgreens,85027,2.5,12,1
7-Eleven,85031,1.5,3,1
Papa John's Pizza,85021,3.5,,0
Hi-Health Supermart - Arcadia,85018,3,4,0
Edible Arrangements,85032,2,9,0
Takamatsu,85051,4,309,1
CreAsian Bar & Grill,85022,4.5,85,0
Brennan's Pub & Grub,85032,3.5,69,1
Kim's Chinese Kitchen,85016,4,87,1
Paradise Bakery & Cafe,85034,1.5,54,1
Panda Express,85017,2.5,5,1
George and Dragon Pub,85012,3.5,526,1
Valley Vietnamese food,85032,4.5,43,0
New Orleans Sno Ball,85014,4.5,,0
"Scramble, a breakfast & lunch joint - Biltmore",85016,4,96,1
Wedge & Bottle,85048,4.5,50,0
Bobaholic Milk Tea Lounge,85017,4.5,18,1
Pita Bistro,85040,4,248,1
Mission Possible Cafe / A Nonprofit Restaurant,85007,4.5,43,1
Desert Springs Brewing Company,85034,2,15,1
Burger King,85073,2,8,1
Joey's of Chicago,85085,3.5,69,0
El Pacifico Restaurante Y Pescaderia,85016,4,47,1
Filiberto's Mexican Food,85007,2.5,7,1
La Carreta De Lily,85015,3,,1
Waffle House,85034,3.5,3,0
Nekter Juice Bar,85012,4,44,1
Fresh Vitamins,85032,2,4,0
Jordan's Mexican Food,85014,3,111,1
Panda Express,85028,2.5,27,1
Carniceria Puerto Del Todro,85032,3.5,4,0
Miss Lulu's Cafe,85006,3,4,1
Filiberto's Mexican Food,85017,2,16,1
Vincent's,85044,3.5,85,0
Aishiteru Asian Bistro,85022,4.5,81,0
Ming's Pagoda,85029,3.5,81,1
Yogurt Mart,85028,2,10,1
Peace Cream,85023,5,112,1
Tediberto's,85004,4,24,0
QuikTrip,85019,2.5,6,1
The Fry Bread House,85013,4,538,1
The Wrigley Mansion,85016,3.5,258,1
Open Sesame Market,85053,3.5,17,1
Zoyo Frozen Yogurt - Downtown Phoenix,85007,4,79,1
Hola Cabrito,85040,,48,1
COFCO Chinese Culture Center,85008,3.5,52,0
King Wong Chinese Food,85040,3,19,1
Pizza Divino,85029,3.5,115,1
Tacos Mi Ranchito Mexican Grill,85042,4.5,9,1
Taco Bell,85053,2.5,33,1
Pick Up Stix,85028,,5,0
Applebee's Neighborhood Grill & Bar,85085,2.5,79,0
Mama's Cold Brew,,5,19,1
New Garden Restaurant,85004,4,77,1
The Vig Uptown,85014,,692,1
Taco Bell,85051,3,,1
Cha Cha's Tea,85007,5,,1
Starbucks,85032,2.5,8,0
Pita Pit,85013,4.5,,0
My Fit Foods,85028,4,,0
Little Miss BBQ,85034,5,,1
Rice To You,85035,3,34,0
Keegan's Grill & Taproom Foothills,85044,3.5,172,1
Pioneer Restaurant,85086,4,4,0
Zipps Sports Grill,85018,3,258,1
Jam Rock Cafe and Grill,85007,3.5,42,0
Popo's Mexican Food,85033,4,373,1
Dunkin',85014,2.5,82,1
ProteinHouse - Arcadia,85016,4,132,1
Pei Wei,85020,,211,1
Tropical Breeze Frozen Drinks,85040,4,5,1
Food City,85037,3,23,1
The Haymaker Restaurant,85032,3.5,250,0
Bertha's Café,85016,4.5,415,1
New York Pizza Dept,85034,3.5,90,1
Subway Restaurants,85043,1,11,1
Farmhouse Pizza,85031,2,25,0
Over Easy - Biltmore,85016,3.5,101,1
Tacos La Lomita,85037,3,22,1
Matt's Big Breakfast,85016,4,413,1
Kool Jerk,85017,4.5,,0
Subway Restaurants,85035,2.5,,1
Panera Bread,85016,2.5,30,1
El Chiltepin Mexican Food,85041,4.5,8,0
Vegan Invasion Delivery & Catering,85018,4.5,5,1
ampm,85051,4,5,1
Starbucks,85016,3,63,1
5 Star Wings,85040,3,5,0
Chipotle Mexican Grill,85027,3,54,1
Starbucks,85018,2.5,32,1
Rott n' Grapes RoRo,85003,4.5,150,0
Mr Submarine,85016,4.5,20,1
San Carlos Bay Seafood Restaurant,85006,4,88,1
Pita Jungle,85085,3.5,324,1
McDonald's,85017,3,20,1
Los DOS Amigos Restaurant,85009,3,4,0
Sonic Drive-In,85023,2,25,1
Scratch Culinary Meal Prep,85034,4.5,,1
Jack in the Box,85051,2,,1
Taco Guild,85012,4,1887,1
Vincent's Saturday Camelback Market,85018,4,37,1
Blue Martini Lounge,85054,3.5,402,1
Honey Baked Ham Company,85032,3.5,38,1
Pita Bistro,85040,4,248,1
Serafina Coffee Roasters Drive Thru,85007,5,6,1
Blue Moon Gentlemen's Club,85008,3,20,1
Cafe Rio,85027,3,184,1
Copper Door,85004,3.5,6,0
Yi's Chinese Restaurant,85023,4.5,151,1
Jade The Taste of China,85051,4,42,1
The Bamboo Club,85050,3,5,0
McDonald's,85035,1,17,1
Oaxaca Sky Harbor,85034,2.5,16,0
Los Taquitos,85020,4,425,1
Smoke Dem Bones BBQ,85016,3,70,0
Dutch Bros Coffee,85032,4,188,1
la Madeleine French Bakery & Cafe,85003,3.5,49,1
Johnnie's Chicago Style Pizza,85034,4.5,122,0
Jack in the Box,85015,2,7,1
Lilac Bakery,85016,4.5,84,1
Jobot Coffee & Bar,85004,4,144,1
McDonald's,85085,2,17,1
Mucha Lucha Taco Shop,85032,4.5,62,0
The Willow House,85007,3,10,0
Marshall's Fine Dining,85022,4,13,0
Subway Restaurants,85009,2.5,9,1
Starbucks,85032,3,25,1
Starbucks,85027,2.5,55,1
Amano Pizza Bistro,85042,4,114,0
Pho 32,85016,4.5,108,1
MOD Pizza,85029,4,208,1
Shine Coffee,85003,4.5,55,0
Asian Wei,85027,,15,1
The Buffalo Spot,85032,3,33,1
Petit Fromage,85013,4.5,,0
Bar Pesce,85018,4.5,437,0
Ahipoki,85016,4,75,0
The Brown Bag,85020,4.5,197,0
Yusef's Middle Eastern Restaurant Grocery & Deli,85032,4,53,1
Two Hippies Beach House,85012,4,593,1
Subway Restaurants,85032,4,21,1
Napoleon Bakery,85053,4.5,,0
Wink 24,85016,4.5,168,0
El Entronke Mexican Food,85042,4,14,0
Scott's Generations Restaurant & Delicatessen,85020,4,158,1
Totally Baked Cupcakes & Sweets,85015,3.5,11,0
Domino's Pizza,85040,2,38,1
Focaccia Fiorentina,85004,3.5,72,0
ZK Grill,85016,3,70,0
Kokomo Grills,85034,3,30,1
Viet Kitchen,85024,4,376,1
McDonald's,85034,1,33,1
Maskadores Taco shop,85020,4.5,117,1
Waffle House,85043,3.5,43,0
Fry's Pharmacy,85085,4,5,1
Seasons 52,85016,4,743,1
Haldi Indian Cuisine,85032,4,137,0
Chef Wade's Bistro On Wheels,,4.5,32,1
Circle K,85008,2,4,1
Chen Wok Express,85021,3,46,1
Yogurtini,85004,,,0
FiGaMi Asian Fresh,85017,4,33,1
Chipotle Mexican Grill,85085,2.5,152,1
Lin's Golden Chinese Restaurant,85035,4.5,10,0
AmeriCAN Canned Craft Beer Fest,85004,4,7,1
Gino's Pizza,85042,2.5,40,1
Fuego Del Mar,85016,2.5,24,0
Neveria Chay'os,85051,4.5,18,1
Fry's Food & Drug Stores,85029,3,28,1
PINO,85054,3.5,325,1
Papa Joe's Fish-N-Que,85015,4.5,285,1
The Gelato Spot,85016,,,1
Cold Stone Creamery,85022,2,33,1
Yumberi Yogurt,85032,4,61,0
Jake Break Cafe,85043,3,8,1
Bertha's Café,85016,4.5,415,1
QuikTrip,85017,3.5,13,1
Wendy's,85027,3.5,29,1
KFC,85013,2,47,1
FLINT By Baltaire,85016,4.5,32,1
Taste of India,85022,2,25,0
La Marquesa,85006,4.5,38,1
Sprouts Farmers Market,85013,4,45,1
Curry Leaf Indian Grill,85044,2.5,7,0
Einstein Bros Bagels,85016,3,71,1
Kneaders Bakery & Cafe,85018,3.5,96,1
Ristorante Tuscany,85054,3,22,0
My Mom's Thai Kitchen,85003,3.5,54,0
Dagwood's,85018,2.5,3,0
Jack in the Box,85043,,13,1
Carmella's Italian Kitchen and Bar,85032,4,9,0
Circle K,85037,3.5,3,1
Walgreens,85018,3,18,1
KOVO Modern Mediterranean,85028,4.5,196,1
Yogurt Garden,85086,4.5,9,0
Jennifer's Catering & Events,85018,,14,1
Dunkin',85022,1.5,11,1
McDonald's,85339,,,1
MOD Pizza,85013,4.5,16,1
The Good Egg - Uptown,85012,3.5,69,0
E-san Sab Sab Thai Cuisine,85020,3.5,84,0
Club Encounters,85017,2,,1
Walgreens,85048,2,38,1
McDonald's,85018,1.5,60,1
Mariscos Playa Hermosa,85006,4.5,687,1
Kabob Palace,85051,5,,0
Quiznos,85048,3,6,0
Subway Restaurants,85008,2.5,13,1
IT'SUGAR,85054,3,18,1
Carniceria,85032,,4,1
Starbucks,85013,2.5,13,1
MJ's BBQ - Chicken & Fish,85034,4.5,78,0
Choon Burritos,85031,3,37,1
Richardson's,85016,4,603,1
Renaissance Phoenix Downtown Hotel,85004,4,240,1
Auntie Anne's,85032,2.5,5,1
Corner Store,85085,3.5,5,0
The Computer Guy AZ,85042,3.5,5,0
Super Oscars,85018,3.5,36,1
Meatballz,85054,2.5,5,0
Royal Coffee Bar,85016,4,95,1
Yoshi Bento,85054,,217,0
zpizza,85003,3.5,137,0
Alpine Freezer,85040,1.5,5,1
Wingstop,85029,3,62,1
Balkan Bakery,85022,5,64,1
Terra Java,85018,4,46,0
Coco's Family Restaurant,85032,2,27,0
Bistro 202,85004,3,,0
Dalia's Mexican Food,85008,4.5,7,0
CBD Store AZ,85012,4.5,13,1
Bashas',85028,3,23,1
Valley Verde Community Garden Center and Desert Gift Shop,85050,5,41,1
WaBa Grill,85032,3,78,1
Pinky's Cafe,85022,3.5,8,0
The Prime Chinese Restaurant,85013,4,170,1
Chipotle Mexican Grill,85016,3,34,1
Mr Mesquite Taqueria,85054,4,263,1
Ringside Sports Grill,85015,3.5,32,1
Safeway Food & Drug,85022,2.5,11,1
Subway Restaurants,85015,2.5,9,1
Yummies Yogurt,85044,3.5,44,1
Walgreens,85042,1.5,7,1
Brooklyn Mike's subs,85008,4.5,58,1
Second Line Creole Caribbean Cuisine,85040,4,6,0
Town Talk II,85015,4,78,0
Flo's Shanghai Cafe,85034,2.5,10,0
Sprouts Farmers Market,85021,3.5,76,1
Cafe Chiwas,85006,4.5,3,0
Bliss Rebar,85004,4,597,1
Veranda Bistro,85020,4,18,1
Sapna Café,85007,3.5,46,0
Filiberto's Mexican Food,85031,3.5,18,1
Maxim Restaurant,85015,4,191,0
Salad and Go,85024,4,,1
Jimmy Jack's Drive-In,85009,3.5,23,1
Denny's,85051,2.5,67,1
Circle K,85032,3.5,7,1
Blast & Brew,85054,5,16,1
Moira Sushi Bar & Kitchen,85004,3.5,437,1
Classic Crust Pizza,85022,4,168,1
Little Caesars Pizza,85283,,17,1
The Lobby Grill,85044,2.5,72,1
JJ's Grill,85037,3,61,0
Sweet & Sassy Cakes,,2.5,5,1
El Castillo Chino Chinese and Mexican Buffet,85040,4,5,1
Federal Pizza,85012,4.5,989,1
Wendy's,85053,2.5,18,1
ampm,85008,1.5,3,1
Red Rim Bistro,85008,3.5,6,1
"Royal Palms Resort and Spa, in the Unbound Collection by Hyatt",85018,4,313,1
Zoes Kitchen,85016,3.5,210,1
Dairy Queen Grill & Chill,85042,2.5,30,1
Jb's,85015,3,4,0
PT PHO Express,85043,3.5,41,1
Baja Fresh Mexican Grill,85016,4,59,1
Popeyes Louisiana Kitchen,85015,2,41,1
Burger King,85335,1.5,24,1
Eden's Grill Inn,85032,4.5,353,1
Del Taco,85053,2.5,22,1
Edelweiss Biergarten,85032,4,281,1
Subway Restaurants,85006,2.5,14,1
Coppers Sports Grill,85032,3.5,3,0
Verdura,85014,4.5,230,1
Street Coffee,85006,4.5,113,1
El Super,85016,3,22,1
Monroe's Hot Chicken,85003,4,228,1
McDonald's,85033,2,19,1
La Tortotota,85032,3.5,14,0
Spinato's Pizzeria,85044,4,490,1
Pete's Fish & Chips,85040,3.5,46,1
Savor Flavor Asia,85044,3.5,277,1
Yogurtlicious,85041,2.5,3,0
First Cup Ethiopian Cafe,85015,4.5,4,1
La Hawaiiana,85031,3.5,16,1
Rochelli's Pizza House,85024,4,27,0
JC Sushi & chinese,85053,3.5,218,1
QuikTrip,85043,4,6,1
Dunkin',85015,3,42,1
First Watch,85012,3.5,118,1
Panda Express,85034,2.5,32,1
Morning Glory Cafe,85042,4,,1
Black Canyon Brewing Supplies,85053,4.5,8,0
The Tamale Store,85032,4.5,302,1
GNC,85048,1.5,6,1
Jersey Mike's Subs,85016,4,26,1
Rott n’ Grapes Uptown,85012,4.5,182,1
Carniceria La Hereford,85020,4.5,6,1
Club Annexus,85004,2.5,3,1
27th Ave Bar n Grill,85009,3.5,41,1
Sun Valley Bakery,85017,4.5,7,0
Pita Jungle,85050,3.5,,1
O2 Sushi,85024,4.5,,1
Pei Wei,85022,2.5,198,1
Sparkletts Water,85017,,248,1
Saito's Japanese Steakhouse,85054,,14,0
Couscous Express,85006,,145,0
URBO,85003,4.5,10,1
Plaza Bonita,85085,3.5,214,1
In-N-Out Burger,85037,4,91,1
Brooklyns Best Bagel and Deli,85050,3.5,19,0
The Velvet Buttercream,85013,5,55,1
Walgreens,85016,2.5,21,1
Dunkin',85022,3.5,34,1
Peets Coffee Shop,85017,3,4,0
Dillon's On Top of Central,85020,2.5,57,0
Starbucks,85016,2.5,59,1
Khyber Halal,85016,4,319,1
Mercado Y Carniceria Sepulveda,85023,,10,1
George's Famous Gyros & Pasta,85027,4.5,218,1
Los Reyes De La Torta,85031,4,92,0
Fractured Prune,85003,4,66,0
Whataburger,85035,4,66,1
Little Caesars Pizza,85017,,3,1
Royal Pita,85051,4.5,13,0
Sonic Drive-In,85006,3,29,1
Tacos Sahuaro,85008,4.5,325,1
Subway Restaurants,85017,3.5,8,1
Baskin-Robbins,85032,2.5,30,1
Villa Fresh Italian Kitchen,85032,3.5,7,1
Maskadores Taco Shop,85021,4.5,94,1
Dream Dinners,85044,5,,1
El Mesquite Cocina Mexicana,85042,4,72,1
Starbucks,85032,4,20,1
Phoenix Oriental Market,85051,4,3,0
Robeks Smoothies,85016,4.5,12,0
Machete Azteca,85016,3.5,6,1
Deemos American Grill,85016,2,21,0
Go Go China,85032,3,82,1
Ike's Love & Sandwiches,85004,4,143,1
Mariscos el Dorado Sinaloa 2,85040,2,4,1
Samurai Sam's,85029,3,43,1
Two Hippies Beach House,85020,3.5,14,0
Starbucks,85041,2,68,1
McDonald's,85023,1.5,50,1
Tokyo Joe's,85016,3.5,177,1
Roses Catering,85023,3.5,,1
Smashburger,85018,2,43,1
Church's Chicken,85016,,20,1
Bento Box,85085,3.5,167,1
Chipotle Mexican Grill,85033,3,40,1
Charlie Mae’s Soul Food,85339,,39,1
Los Taquitos Arcadia,85016,4,100,1
Tacos La Lomita,85043,4,41,1
Del Taco,85012,,43,1
Firehouse Subs,85339,3,44,1
Petit Fromage,85013,4.5,,0
Budget Truck Rental,85016,1,4,1
May Garden Restaurant,85031,3.5,71,1
El Pollo Loco,85021,,42,1
Familia Loritos,85017,4,33,1
JT Gyros,85053,4,76,1
Burger King,85004,2.5,16,0
New North China,85022,,45,0
Five Guys,85042,3.5,29,1
Tacos De Juarez,85006,4,109,0
The Cafe,85016,4,3,1
Divinos,85053,3,36,1
Dragon Bowl,85024,4,228,1
Starbucks,85029,3,97,1
Italian Spoon,85014,4,114,1
Palms Restaurant and Market,85032,4,6,0
Brooklyn NYC Pizza,85004,2,48,1
Eastwind Sushi & Grill,85032,3,185,1
The Wok Express,85034,3.5,146,1
Mendy's Place,85027,3.5,20,1
In-N-Out Burger,85037,4,91,1
Albertsons,85050,3.5,49,1
Pho Loc,85021,3.5,11,0
Julioberto's,85029,2.5,,1
Silver Dragon Chinese Restaurant,85021,4,3,0
Bantu Bistro,85013,2.5,16,0
Las Nieves y Antojitos,85051,5,6,1
The Refuge Coffee & Wine,85034,5,163,1
Elsiner Tacos & More,85023,4.5,8,1
McDonald's,85016,2.5,17,1
Culichi Town Phoenix,85035,3,39,1
Burger Mania,85023,3.5,105,1
McDonald's,85018,3,20,0
Pita Jungle,85044,4,373,1
In Perfetto Gelateria,85004,5,35,1
Cheddatruck,85014,4,8,0
Hoppin' Jack's,85034,3,9,1
First Watch,85013,4,309,1
Persian King,85032,,8,0
Chipotle Mexican Grill,85048,3,29,1
La Grande Orange,85034,4,402,1
Pro Edge Cutlery,85018,5,6,1
Jersey Mike's Subs,85016,3.5,72,1
Dairy Queen Grill & Chill,85033,2,35,1
Taco Mich,85017,3,37,1
Dunkin',85024,1.5,80,1
Lennys Burger,85017,2.5,75,1
New China,85042,3,13,1
Christo's Ristorante,85014,4,231,1
Upper Crust Pizza Midtown,85016,3.5,78,0
ampm,85027,1.5,5,1
Bosa Donuts,85051,3.5,68,1
Nine 05,85004,3.5,42,0
Front Pourch Brewing,85085,5,32,1
Canton Wong #2,85015,2,7,0
Uncle Tony's Pizza,85021,4,100,1
Starbucks,85022,3,68,1
Chester's Chicken,85043,1.5,4,0
Taco Mex,85051,4,11,0
Fry's Food Stores,85042,2,3,1
The Yard,85014,3.5,617,1
Jack in the Box,85033,2,,1
Islands Restaurant,85032,3.5,47,0
Fry's Food Stores,85044,3.5,24,1
Wendy's,85054,,46,0
Safeway,85016,3.5,66,1
Extreme Pita,85054,4,28,0
Filiberto's Mexican Food,85053,3,20,1
McDonald's,85040,1.5,,1
Wy-Knot Cafe,85006,,195,0
Armando's Mexican Food,85018,3,27,0
Hookmeup Gourmet Sandwiches,85044,4.5,149,0
Manuel's Mexican Restaurant & Cantina - Bell Rd,85023,4,292,1
Star Wok,85035,4,66,1
Blimpie,85008,,28,0
La Salsita,85031,2.5,20,1
Cousins Subs,85024,2.5,,0
Baskin-Robbins,85032,2.5,30,1
Sonic Drive-In,85027,3,21,1
Luccicare,85032,4.5,82,1
Flo's Shanghai Cafe,85034,2.5,10,0
Murray and Sons Construction,85022,1,,0
Restaurant Progress,85013,4.5,194,1
TGI Friday's,85050,2.5,25,0
Phoenix Public Market,85004,4,58,0
Sheraton Grand at Wild Horse Pass,85226,3.5,253,1
Plaza Cafe & Grill,85012,4.5,,1
Vincent's On Camelback,85018,4,181,1
dos arboles Restaurant & Cantina,85051,4,10,1
Otakumen,85003,2.5,68,0
Phuong Dong,85021,4,45,0
International 88 Market,85051,2,7,1
Bar Bianco,85004,4.5,95,1
Emilio's Tacos & Hotdogs,85023,4.5,71,1
Ric's Smokehouse BBQ & Grill,85027,3,72,0
Applebee's Grill + Bar,85012,2,199,1
Taste Of Honduras,85021,4,15,1
Long Wong's Famous Wings,85017,2.5,21,1
Smokehouse Bar & Grill,85032,3.5,46,0
Hungry Howie's Pizza,85018,2.5,37,1
Basis New American,85022,4,,0
Dong-A,85017,3.5,18,0
NYPD Pizza,85003,3.5,191,1
El Conquistador,85022,3.5,56,0
Pita Jungle - Sky Harbor,85034,2.5,39,1
Nelson's Meat + Fish,85016,5,82,1
Mr Chao's Asia Bistro,85048,4,83,1
Circle K,85018,3.5,4,1
Smooth Brew,85006,4.5,219,1
Sano Brick Pizza,85042,3.5,19,0
Potbelly Sandwich Shop,85029,4,83,1
High & Rye,85054,3.5,145,0
AiNT NICKS TAVERN,85017,4,25,1
Café Zupas,85016,3.5,378,1
Anhelo Restaurant,85004,4.5,65,1
Panda Express,85028,2.5,27,1
Food City,85020,4,4,0
Chuy's Mesquite Broiler,85044,3,4,0
Edelweiss German Deli,85022,3.5,3,0
Taco Chelo,85004,4,370,1
McDonald's,85041,2,29,1
Wildflower - Crown,85014,4.5,73,1
Canton Wong #2,85015,2,7,0
Panda Garden,85044,4,159,1
Church's Chicken,85040,3.5,9,1
The Coffee Bean & Tea Leaf,85024,4,63,1
Mr Submarine,85016,4,25,0
Alfonso's Mexican Food,85027,4,62,0
Cold Stone Creamery,85032,3.5,37,1
Burger King,85023,2,12,1
Irie Jamaica Restaurant,85040,3.5,8,0
The Vintage Market,85016,4.5,3,0
Little Caesars Pizza,85051,2,18,1
The Great American Grill,85027,4.5,,1
The Human Bean,85029,4.5,7,1
Baskin-Robbins,85021,3,24,1
Papa John's Pizza,85051,2.5,15,1
Mandarin Super Buffet,85015,2.5,149,1
Lustre Rooftop Bar,85004,4,284,1
Santisi Brothers,85053,4,514,1
Maui Wowi Hawaiian Coffees and Smoothies,85018,3,7,0
Starbucks,85004,3,3,0
A & S Market,85015,3.5,3,1
Citizen Espresso Bar,85012,3.5,36,0
Fox Sports Grill,85034,2,24,1
Alfredo's Deli,85021,,6,0
Little Caesars Pizza,85043,1,6,1
El Rincon Sinaloense,85033,4,16,1
La Cocina Economica,85006,4,69,1
Total Wine & More,85050,4,113,1
Starbucks,85023,3.5,41,1
La Pasadita Hot Dogs,85303,4,54,1
Filiberto's Mexican Food,85031,3.5,5,1
Mamma Mia Brick Oven Pizza & Pasta,85018,4,202,0
Cafe Chenar,85022,4.5,74,1
Buffalo Browns Wings and Things,85008,3.5,15,0
Matador Restaurant,85004,3,59,0
Fry's & Fry's Marketplace,85029,3,9,1
La Grande Orange,85018,4,939,1
Corner Store,85022,2,4,0
The Wok Express,85034,3.5,146,1
Chipotle Mexican Grill,85016,3,145,1
Carl's Jr,85033,1.5,20,1
Water'n Ice,85015,3.5,5,1
Dream Dinners,85044,5,,1
Buffalo Wild Wings,85085,2.5,315,1
El Rincon Sinaloense,85033,4,16,1
The Original Phoenix Greek Festival,85016,3.5,16,1
Dunkin',85037,2,86,1
Roliberto's Mexican Food,85027,4,45,1
Alzohour Market,85051,4,49,1
Asadero Toro,85007,4,117,1
Town & Country Farmers Market,85016,2.5,9,0
Urban Wok,85004,1,7,1
Walgreens,85042,3,8,1
Carl’s Jr.,85016,2,38,1
Birria Queen,85032,3.5,12,1
Kneaders Bakery & Cafe,85018,3.5,96,1
Souper Salad,85032,2.5,5,0
Pizza Patron,85015,3.5,6,1
Phoenix Coqui,85013,5,,1
Mateo's,85013,3.5,3,0
Vape Shop AZ,85015,5,9,0
The Shuka Shak,85014,4,9,0
Sprouts,85253,4,15,1
Panda Express,85017,2.5,5,1
Baja Fresh Mexican Grill Mexican Grill,85044,1.5,7,0
Wrights at The Arizona Biltmore,85016,4,139,1
Eribertos Mexican Food,85013,3.5,85,1
El Horseshoe Restaurant,85009,3.5,11,1
Brix Kitchen & Cocktails,85008,3,6,1
Corny Masa,85005,4.5,8,0
Breakroom Bar & Grill,85008,4,87,1
The Roasted Shallot,85003,4.5,6,0
Starbucks,85016,3,122,1
Port of Subs,85053,3.5,44,1
Elie's Deli,85018,4.5,,0
Gadzooks Enchiladas and Soup,85014,4,,1
El Taco Santo,85048,4.5,11,1
La Casa Del Mariachi,85008,3,4,0
Valley Bar,85004,4,,1
Sonny's Steakhouse,85032,2.5,10,0
Water Plus Ice,85020,3.5,3,1
Mel's Diner,85007,3.5,125,1
Stingray Sushi,85016,3,443,0
Wildflower,85034,4.5,269,1
Wild Thaiger,85004,4,721,1
Bama Bbq 4 Ever Catering,85045,4,5,1
Filiberto's Mexican Food,85041,2.5,32,1
Chen & Wok,85014,3.5,172,1
Federico's Mexican Food,85339,3,42,1
Goodcents Deli Fresh Subs,85032,3.5,21,0
Thai Chili,85016,3.5,35,1
A Slice of Bella,85044,3.5,9,0
Pozoleria Mexican Food,85008,4.5,65,1
Cave Creek Chevron,85032,1.5,10,1
A Slice of Bella,85044,3.5,9,0
Joyride Taco House,85012,4,1192,1
Bashas Supermarket,85016,1.5,3,1
stonegrill,85054,3.5,89,1
Walgreens,85015,3,16,1
QuikTrip,85021,3,,1
Da Burger Shack,85016,4.5,22,0
Jack in the Box,85053,2,18,1
Fox News Sky Box,85034,2.5,,1
Pittsburgh Pizza Company,85022,4,28,0
Los Tio’s,85017,5,5,1
Bakery By Chef Tom,85301,4,13,0
Roy's Restaurant,85054,3.5,369,1
Circle K,85032,1.5,5,1
Safeway,85048,3.5,17,1
Taco Bell,85028,2.5,36,1
Dad's Catering Services,85020,3.5,17,1
Carniceria La Hereford,85020,4.5,6,1
Sam's Cafe,85016,3.5,26,0
One Stop Nutrition,85032,3,16,0
Food City,85006,3,17,1
Starbucks,85254,3.5,76,1
Wholesale Organic Chicken Feed Buyers' Club,85018,4,4,1
Jacquee's Espresso,85004,4,,0
Meritage - An Urban Tavern,85054,3.5,137,1
Super Oscars,85018,3.5,36,1
Fuego CityScape,85004,3.5,141,0
Scott's Generations Restaurant & Delicatessen,85020,3.5,219,0
Starbucks,85027,2.5,71,1
Pho Binh Minh,85017,4,50,1
Lone Star Steakhouse & Saloon,85021,3,5,0
Taqueria La Condesa,85034,5,3,1
Sherrye's Kitchen,85041,5,4,1
Las Jicaras Mexican Grill,85021,4.5,11,0
The Vault Wine Storage,85018,5,4,1
Clarendon Kitchen + Bar C4,85013,3,28,0
Scratch,85004,3,42,0
Fry's,85028,3.5,19,1
Circle K,85053,2,8,1
Cafe Eden,85034,,3,1
Greektown,85020,4.5,375,1
Caffio Espresso Bar,85001,5,6,1
BJ's Restaurant & Brewhouse,85050,3.5,412,1
Mu Shu Asian Grill,85015,4,202,1
Giordano's,85032,3.5,182,0
WinCo Foods,85023,3.5,123,1
Procaffeinate Coffee Bar,85054,4.5,61,1
Karl's Quality Bakery,85020,4.5,133,1
Rainbow Donuts,85029,4.5,60,1
Cafe Cultivate,85034,5,27,1
Havana Cafe,85018,3.5,178,0
Los Mexican Friends,85034,4.5,17,1
Tacos y Mariscos El Sinaloa,85006,5,20,1
Fry's Food Store,85018,2.5,70,1
Souper Salad,85032,2.5,5,0
Dulceria Importaciones Valentinas,85009,4,7,1
Ahwatukee Eats Food Truck Festival,85044,4,3,1
The Grove Cafe,85041,3.5,27,0
Subway Restaurants,85016,3.5,12,1
Nixon's,85016,3.5,5,0
Sylvia's Modern Mexican Restaurant,85013,2.5,210,0
Westwood Tap & Grill,85021,3,8,1
Yoshi's,85022,4,36,1
Oven + Vine,85003,4.5,298,1
Domino's Pizza,85035,2,12,1
101 Bistro,85003,3.5,7,0
Il Primo Pizza & Wings,85032,3,51,1
Jamba Juice,85022,3,52,1
The Willow House,85003,2.5,12,0
Perfetto Day Cafe,85053,4.5,3,1
Mariscos Chihuahua,85015,4,33,1
Desert Mission Food Bank,85020,4,7,1
Wingstop,85007,3,33,1
Best of Europe Meats & Deli,85032,4.5,89,1
The Grind,85018,3.5,404,0
Subway Restaurants,85043,2.5,9,1
Salsita's Mexican Food,85006,3,15,1
Jack in the Box,85014,2,27,1
Earth Plant Based Cuisine,85007,4,69,1
Arrivederci,85048,3.5,207,1
New Asian Kitchen,85053,4,,1
Pho Binh Minh,85017,4,50,1
Phoenix Wine Parties,85018,5,,1
Breadcrafters Bakery & Cafe,85032,4,254,1
Edelweiss Biergarten,85032,4,281,1
Samurai Sam's,85015,2.5,18,1
Sonic Drive-In,85037,2,30,1
The Original Phoenix Greek Festival,85016,3.5,16,1
The Barbecue Company Grill and Cafe,85040,3.5,,1
Wrights at The Arizona Biltmore,85016,4,139,1
Streets of New York,85032,3,49,1
Cave Creek Chevron,85032,1.5,10,1
Safeway,85016,3,11,1
Edible Arrangements,85022,3,15,1
MATCH Restaurant & Lounge,85003,3.5,360,1
Whole Foods Market,85028,3,148,1
Safeway Food & Drug,85022,3,36,1
Two Hippies Pizzeria and More,85019,4,11,0
Connolly's Sports Grill,85085,3.5,150,1
Circle K,85018,,13,1
Da Vang Restaurant,85015,4,686,1
Desert Swirl Frozen Yogurt,85053,,91,1
McGrath's Fish House,85054,2.5,10,0
McDonald's,85331,1.5,39,1
Starbucks,85310,2.5,14,1
Windsor,85012,4,1207,1
RiteWay Catering & Food Truck,85004,3.5,15,0
ASAP California Pizza Kitchen,85034,2.5,17,0
Premium Burger,85032,4,17,0
Pane Bianco - Central,85012,4,509,1
City Square Cafe,85012,4,14,0
Antojitos Y Neveria Chayo's,85009,3.5,12,1
Little Caesars Pizza,85048,2,3,0
Rustler's Rooste,85044,3,1238,1
Sushi Mishima Restaurant,85018,3,4,0
Burger King,85035,2,10,1
Ladera Taverna y Cocina,85020,4.5,472,1
Tortas el Rey,85008,4,71,1
Food City,85032,3,27,1
Port of Subs,85012,3.5,41,1
Cave Creek Cafe,85022,3.5,24,0
Verde,85004,4,53,0
George & Dragon II English Restaurant Pub,85040,2,,0
Long Wong's Famous Wings,85017,2.5,21,1
OM Indian Bistro,85027,2.5,134,1
Dunkin',85027,2.5,52,1
The Phoenix Marketplace,85033,2,4,1
Majerle's Sports Grill,85004,3.5,338,1
7-Eleven,85035,2,3,0
Mariachi Estrellas Del Pacífico,85001,4,5,1
Streets of New York,85020,3,,0
Chipotle Mexican Grill,85012,,34,1
Walmart,85051,2.5,41,1
Pho 602,85017,4,195,1
King Solomon's Pizza,85014,4.5,15,0
Paradise Bakery and Cafe,85022,2.5,91,0
Hammered Hog BBQ Hall & Saloon,85032,3.5,121,0
Tropical Sno,85044,5,5,1
The Halal Guys,85044,3.5,101,1
Church's Chicken,85040,2,,1
ZK Grill,85048,4,127,1
Rosita's Place,85006,4,405,1
Joe's Diner,85016,4,148,0
Lo-lo's Chicken & Waffles,85034,2.5,120,1
Guamuchilito Mexican Grill,85017,3.5,11,0
Quiznos,85034,2,6,0
My Tea,85012,4,139,1
Twenty Highland Tavern,85016,3.5,73,1
Filiberto's Mexican Food,85043,2.5,14,1
Copper Door,85004,3.5,6,0
Nathans Famous Hotdogs,85034,2,12,1
Cheuvront,85004,3.5,178,0
Dunkin',85016,2.5,62,1
Most Wanted Taco Shop,85020,4.5,573,0
Wingstop,85015,3,57,1
Walmart Neighborhood Market,85020,2.5,11,1
Senor Pizza,85042,4,41,0
D'licious Dishes,85013,4.5,45,0
Domino's Pizza,85018,2.5,44,1
Jesters Mexican Grill,85027,4,17,0
Goodcents Deli Fresh Subs,85023,3.5,75,1
Dairy Queen Grill & Chill,85044,3.5,37,1
Dunkin',85018,2.5,41,1
Desert Springs Brewing Company,85034,2,15,1
Burger King,85040,,14,1
Raspados Imperial,85031,4,24,1
Hungry Street Grille,85048,4.5,3,1
QuikTrip,85053,4,8,1
Best Wok Chinese Restaurant,85035,3,35,1
Frites Street,85003,4.5,26,1
Iron Chef,85028,4,456,1
Pizza Hut,85033,,17,1
Five Guys,85003,3,123,1
Pacifica Ceviche,85033,,4,0
101 Asian Buffet,85027,3,32,0
Olympic Flame,85018,4,13,0
Abc Cake Decorating Supplies,85016,4.5,90,1
Burger King,85028,2,22,1
Fusilli's,85012,2.5,11,0
Subway,85018,3.5,8,1
Olive Branch Market,85051,3,5,1
Reathrey Sekong,85014,4.5,513,1
Fry's,85042,3,30,1
Hi-Health Supermart - Deer Valley Center,85023,4.5,9,0
El Chino Restaurante Y Cantina,85004,3,42,0
La Villa DF,85051,4.5,35,1
Taqueria Guadalajara,85017,4,12,0
Los Taquitos,85034,1.5,235,1
The Vitamin Shoppe,85022,4,8,1
Mariscos El Dorado Sin,85040,2,12,1
Lakeside Hideout Cafe,85029,4.5,,0
Little Shanghai,85018,3.5,,0
Boston Market,85032,2.5,32,0
Kabab King,85041,4,129,1
Oak-Wood Fire Pizza,85028,,4,1
Kabob Palace,85051,4,10,0
Modern Margarita,85054,3.5,446,1
Le Ragazze,85048,4,23,0
Casey Jones Grill,85032,4,182,1
Boston Market,85044,3,36,0
Smart & Final,85016,3,,1
Pat's Pizza Plus,85020,4,168,1
The Dipping Well,85041,5,,0
Mojo Yogurt,85016,4,104,0
Big Cuz's Catering,85022,2,20,1
Mariscos Ensenada 4,85033,2.5,12,1
Julioberto's,85020,3,26,1
Taco Bell,85051,3,,1
Snoh Ice Shavery,85014,4.5,706,1
McDonald's,85017,3,20,1
IHOP,85042,2.5,95,1
Walgreens,85023,2.5,13,1
Baby Kay's Cajun Kitchen,85016,,144,0
Wy-Knot Cafe,85006,,195,0
Papa John's Pizza,85013,2,40,1
King Coffee Roastery,85050,4.5,77,1
Basis New American,85022,4,,0
Krispy Kreme Doughnuts,85004,1.5,10,0
CBD Store AZ,85012,4.5,13,1
F1 Food And Fuel,85020,5,3,1
Ono Hawaiian BBQ,85015,3.5,63,1
Luna Pizza,85073,4.5,7,0
Luv A Sub,85034,3,22,1
Mr. Cafe,85032,3,4,1
Cheuvront,85004,3.5,178,0
Cafe At Desert Ridge,85050,4,42,0
The Liberty Kitchen,85013,3.5,41,1
Francisco's Mexican Food,85048,3.5,40,1
Glai Baan,85016,4.5,456,1
Doughbird,85018,4,651,1
Belvedere's,85008,3.5,23,0
Menchie's Frozen Yogurt,85029,,61,1
The Best Ever Subs and More,85050,4.5,13,0
Earth Plant Based Cuisine,85007,4,69,1
International House of Food,85007,4.5,319,1
Shenanigans Bar & Grill,85023,3.5,24,0
El Bravo Mexican Food,85020,4,181,1
Native Grill & Wings,85021,3,199,1
Macayo's,85004,3,5,0
Mi Tienda Latina,85006,4.5,10,1
Wendy's,85027,1.5,50,1
Taqueria El Compadre,85035,4,20,1
Carl's Jr,85033,1.5,20,1
Taco Bell,85016,,25,1
Tommy V's Osteria & Pizzeria,85018,3.5,63,0
Julioberto's Fresh Mexican Food,85016,3,53,1
MAD Greens - Central Ave & Camelback,85012,4,91,1
In-N-Out Burger,85032,4,188,1
Los Jarritos Restaurant,85008,3,17,0
Sardella's Pizza & Wings,85027,3.5,135,1
Mad Chef Gastropub,85048,3,31,0
A Touch of Yogurt,85004,4,23,0
Orange Leaf Frozen Yogurt,85032,4,5,0
Matt's Big Breakfast,85034,3.5,502,1
Zinburger,85034,4,230,1
Binkley's Restaurant,85016,5,79,1
ReadyRefresh by Nestlé®,85029,1.5,,1
La Pasadita Hot Dogs,85019,4,12,1
Mojo Yogurt,85054,,68,0
Habbouz Tunisian Cuisine,85051,4.5,,0
Taco Del Mar,85018,2.5,,0
Mercado Y Carniceria Sepulved A,85023,3.5,10,0
Oaxaca Restaurante Y Cantina,85007,3,32,0
Shako Mako Grill,85021,3.5,127,1
Fox's Cabaret,85019,3.5,4,0
El Burrito Grande,85009,4.5,7,0
How Do You Roll? Phoenix,85003,3.5,168,0
Carl’s Jr.,85016,2,38,1
B-51 Chevron,85043,4,7,1
Terrace Cafe At Hyatt Regency Phoenix,85004,1.5,3,1
Blue Agave Mexican Cantina,85054,3.5,436,1
My Greek Corner,85027,3,5,0
McDonald's,85310,2.5,24,1
Noodles A GoGo,85010,2.5,8,1
Garcia's Mexican Restaurants,85029,3,155,1
First Watch,85018,4,241,1
McDonald's,85043,1.5,14,1
Famous Ray's Pizza,85022,4,251,1
Baskin Robbins,85033,2.5,19,1
Big Guy's Sports Grill,85032,3.5,48,0
Barrio Cafe Gran Reserva,85007,4.5,143,1
Oasis Raspados,85015,4.5,3,1
Audi Quattro Lounge,85004,4,4,1
Moira Sushi Bar & Kitchen,85004,3.5,437,1
Canton Wong #8,85042,3.5,63,1
Firehouse Subs,85054,3.5,23,0
Walgreens,85304,3.5,10,1
Tammie Coe Cakes,85004,4,167,1
Firehouse Subs,85054,3.5,23,0
Rally's,85013,2,68,1
Clamatos La Cruda,85008,3,46,1
China Star Super Buffet,85073,3,7,0
The White Chocolate Grill,85054,4,1113,1
McDonald's,85020,1.5,35,1
Panda Express,85020,2.5,46,1
Angry Crab Shack,85085,4,215,1
zpizza - Phoenix Midtown,85013,3.5,278,1
Domino's Pizza,85018,2.5,44,1
Kitchen 56,85018,3.5,380,0
Pho Bar Central,85016,3.5,83,1
Seoul BBQ & Sushi,85029,4.5,382,1
Pork on a Fork,85016,4,229,0
Best of Philly,85004,4,130,1
The Rocket,85034,4.5,28,1
Friday's Front Row Sports Grill,85004,3,149,1
Johnny Rockets,85027,2.5,58,1
Southwest Restaurant Supply,85008,3.5,8,1
Canam Realty Group,85048,2.5,5,1
Murder Ink Productions,85016,4,4,0
Pour Masters Bar Service,85027,4.5,19,1
Burger King,85085,1.5,13,1
P.F. Chang's,85085,3,266,1
Shorty's Sandwich Shop,85040,4,66,1
Schlotzskys Deli,85004,2.5,13,0
Indian Express,85027,3.5,11,0
Mariscos Ensenada 4,85033,2.5,12,1
Starbucks,85022,2,4,1
IHOP,85016,,56,1
Fry's Food Stores of Arizona,85042,3.5,10,1
Middle Eastern Bakery & Deli,85014,4.5,383,1
Turris Taco Shop,85015,4,,0
Cookin On Wood,85040,4.5,29,1
El Entronke Mexican Food,85042,4,14,0
Ranch Burger,85016,2,3,0
China Buffet,85043,4,3,0
Pizza Hut,85022,2.5,,0
Watertyme Westridge,85033,5,4,1
Filiberto's Mexican Food,85034,2.5,10,1
PHX Eats Cafe,85008,3,41,1
Angels Trumpet Ale House,85004,4,1168,1
Fanatic's Bar & Grill,85032,4,3,1
Growler USA,85054,4,165,1
The Coffee Studio,85016,4,9,0
4 Sons Food Stores,85003,2,7,1
China Buffet,85043,4,3,0
Cardinal Pizza,85020,3.5,5,0
Starbucks,85051,1.5,,1
The Cafe,85016,4,3,1
Yogis Grill,85016,3.5,108,1
Hong Kong Express,85008,3.5,16,0
Spinato's Pizzeria,85022,4.5,545,1
Tortas Hipocampo,85051,3.5,3,0
Pizza Hut,85032,2,41,1
Fuzziwig's,85032,2,4,1
Macayo's Mexican Food,85033,3,117,1
Sonoran Desert Olive Oil Company,85054,4.5,6,1
Nothing Bundt Cakes,85018,4,,1
Starbucks,85032,,54,1
Pita Pit,85044,,20,0
Ali Baba's Restaurant & Bakery,85053,4,91,0
Nee House Chinese Restaurant,85032,3.5,301,1
WooKar Water 'n Ice,85032,3,5,0
Lychee Kitchen,85027,4.5,95,1
Century Grand - Platform 18,85018,,66,1
QDOBA Mexican Eats,85048,3.5,,1
Jersey Mike's Subs,85032,3,88,1
Desert Swirl Frozen Yogurt,85053,,91,1
The Rec Room Sports Grill,85053,3.5,17,0
RKDA Kitchen,85018,4.5,22,1
Jesters Mexican Grill,85027,4,17,0
Starbucks,85053,2.5,11,1
Thai Delight,85048,4.5,276,1
Walgreens,85051,2,11,1
Circle K,85021,2.5,3,1
Walgreens,85051,1.5,21,1
Hanyo Grill,85048,3,4,1
Sprouts Farmers Market,85013,4,45,1
The Radisson Hotel Phoenix North,85051,3,,0
Bill Johnson's Big Apple Restaurants,85017,3.5,5,0
Fry's,85086,3.5,52,1
Bosa Donuts,85018,4,372,1
QuikTrip,85016,4,22,1
Cheese Love & Happiness,85043,3,15,1
Barrio Urbano,85014,3.5,175,0
68 Degrees Sabor,85035,,4,1
Hooters,85004,,5,1
Faye's Farmstand,85043,5,5,0
Focaccia Fiorentina,85034,1.5,4,1
Ben Brothers Market,85006,3.5,14,1
Cactus Corn,85003,4,9,1
La Grande Orange Pizzeria,85018,4.5,850,1
"Snooze, An A.M. Eatery",85016,4,3515,1
Queen Creek Olive Mill Marketplace,85016,5,7,0
Jasmine Thai Cuisine,85013,3.5,97,0
Paradise Bakery,85028,3,70,0
Meat the Ball,85016,4.5,89,1
Hyatt Regency Phoenix,85004,,340,1
The Place,85051,3.5,20,0
Arby's,85018,3,24,1
Lafitte's,85023,3,30,0
Taqueria Guadalajara,85017,4,12,0
The Daily Grind,85004,3.5,3,0
Mrs White's Golden Rule Cafe,85034,3.5,447,1
Watertyme Westridge,85033,5,4,1
Duck & Decanter,85012,4,24,0
La Piñata,85013,,290,1
Schlotzsky's,85018,2.5,,1
Applebee's Neighborhood Grill & Bar,85048,1.5,5,0
Rocky Mountain Chocolate Factory,85050,3.5,8,0
Shine Coffee,85003,4.5,55,0
Hyatt Regency Phoenix,85004,,3,1
Freak Brothers Pizza,85004,4,53,1
Del Monte Market,85041,4.5,15,1
Tommy Pastrami NY Deli,85004,4,165,0
Samurai Sam's,85043,3,17,1
Viet Kitchen,85003,,21,0
Domino's Pizza,85017,2,24,1
Bobby D's Restaurant & Lounge,85020,4.5,26,1
Native Grill & Wings,85085,2.5,38,1
Charleys Grilled Subs,85051,4.5,7,1
Nekter Juice Bar,85050,3,129,1
Mellow Mushroom,85054,3.5,397,1
Provisions Pizza,85003,3,,0
KFC,85032,2,45,1
Eribertos Mexican Food,85022,3,58,1
Wingstop,85020,3,,1
Julio's Too,85032,3,49,1
Wendy's,85027,3.5,29,1
Pink Lotus Express,85027,3,17,0
Subway Restaurants,85032,4,21,1
Cheba Hut Toasted Subs,85044,4.5,103,1
Luci's at the Orchard,85020,4,426,1
Fired Pie,85012,4,255,1
Momenti,85028,3.5,18,0
Carniceria Castillo,85040,5,5,1
BevMo,85085,3.5,56,1
Smart & Final Extra!,85032,3.5,12,1
Lucky Strike - Phoenix,85003,3.5,259,1
Next Step Meal Prep,85001,4.5,23,1
Wraps N Curry,85053,4.5,164,1
Pizza Hut,85009,2,21,1
Wingettes,85032,3.5,40,0
Jimmy John's,85037,3,49,1
Hatch-it Green Chile Burgers & Tacos,85013,4.5,115,1
Mighty Mikes,85017,1,3,0
Rimrock Bar & Grille,85034,3,41,1
Fabulous Food,85034,4.5,10,1
Jacquee's Espresso,85004,4,,0
Comedor Guadalajara,85004,4,589,1
Empire Discount Liquors,85018,4,11,1
St. Francis Restaurant,85012,4,1666,1
Sagasta Salon & Coffee Bar,85016,3,3,0
The Corner Deli,85014,3.5,38,1
Cutie,85032,5,58,1
Frys,85053,,10,1
QuikTrip,85016,3.5,37,1
Quiznos,85029,2.5,5,0
Peaks & Valleys Restaurant,85085,3.5,62,1
Circle K,85041,2.5,5,1
Paradise Bakery & Cafe,85034,3,82,0
Sushi-to,85019,5,11,1
Wong's Chinese Cuisine,85037,4.5,380,1
Safeway,85020,,49,1
Jack in the Box,85003,2,15,1
Starbucks,85014,4.5,,1
Jack in the Box,85014,3,10,1
Tammie Coe Cakes & MJ Bread,85018,4,36,0
Pointe In Tyme,85020,3.5,124,1
Culver's,85027,3,148,1
Raspados Guerrero,85033,,,1
Full Belly Deli,85027,4,42,0
Indigo Bistro,85021,3,6,1
Gourmet House Of Hong Kong,85006,3.5,110,0
Carniceria Los Pinos,85008,3,8,1
Domino's Pizza,85017,2,24,1
"Fleur de Lis Unforgettable Cakes, Desserts and More",85020,4,34,1
Valley Wings,85023,4.5,282,1
Mariscos Bella Vista,85032,4,15,1
Chili's,85027,3.5,80,1
Lunch Box,85017,3,60,1
Nocawich,85034,2.5,84,1
MOD Pizza,85048,4,98,1
First Watch,85012,3.5,118,1
Chili's,85035,2.5,,1
Chick-fil-A,85016,4,190,1
ampm,85027,2,3,1
Wendy's,85034,2.5,26,1
Water N Ice,85051,4,11,1
Starbucks,85004,3.5,12,0
Snoh Ice Shavery,85014,4.5,706,1
Altamimi Restutant,85051,4,4,0
Fenix Eatery & Bar,85018,3.5,9,0
Fuego Del Mar,85016,2.5,24,0
The Original Marketplace,85008,5,9,1
Super Carniceria La Hereford,85033,2.5,3,1
Einstein Bros Bagels,85050,2.5,105,1
Sassy Cakes By Nina,85016,4.5,49,1
LaMar's Donuts & Coffee,85023,4.5,260,1
Del Taco,85027,1.5,19,1
Concorde Cafe,85021,4,10,0
Arizona Club,85004,4,6,0
Zax Cafe,85021,4,15,0
Circle K,85016,2.5,11,1
Long Wong's of Laveen,85041,3,54,1
Jack in the Box,85043,2,7,1
Rally's Hamburgers,85034,3,4,0
Larry's Picnic,85013,5,4,1
Kwench Juice Cafe,85004,3.5,4,1
Circle K,85021,2,7,0
IHOP,85004,2,158,1
The Golden Greek,85051,4,133,1
Radio Cafe,85018,4,67,0
Chick-fil-A,85027,3.5,,1
Zefie's Smoothies,85023,3.5,5,0
Trattoria D'Amico,85044,4,223,1
Chico's Tacos,85004,3,94,0
Taco's el Rancho,85017,4.5,3,1
Dunkin',85024,1.5,80,1
Popeyes Louisiana Kitchen,85016,2,58,1
Wren House Brewing,85008,4.5,277,1
Filiberto's Mexican Food,85043,2.5,14,1
Bitter & Twisted Cocktail Parlour,85003,4,1180,1
Spices Times Smoke Shop,85006,5,3,0
1000 Degrees Neapolitan Pizzeria,85054,4.5,197,0
Los Dos Molinos,85014,3.5,335,1
Ike's Love and Sandwiches,85018,4,3,0
Fate 905,85004,3,85,0
Jack in the Box,85009,3,9,1
Greekfest Restaurant,85016,3.5,113,1
Fry's & Fry's Marketplace,85042,1.5,6,1
Starbucks,85029,3,30,0
Sherrye's Kitchen,85041,5,4,1
Fry's,85032,,5,1
Al Rafedin,85019,3,4,1
Greers Farm,85355,3.5,3,0
La Tradicion Restaurant,85008,4.5,3,0
Starbucks,85032,,44,1
Great Wall Buffet,85029,2,26,0
Bean Sprouts Cafe,85004,3.5,6,1
The GYM Sports Bar & Grill,85050,3.5,26,0
McDonald's,85085,2,17,1
Residential Gourmet,85032,1.5,17,0
Ready to Nosh Food Tours,85003,1.5,5,1
Walter Station Brewery,85034,4.5,45,1
DELICIOSO RASPADOS,85016,4,10,0
Villa Italian Kitchen,85048,2,22,1
Sunshine Market,85006,5,27,1
Yogurtology,85034,3.5,15,1
Circle K,85008,2,6,1
Tacos Huicho,85032,4,98,1
Romano's Macaroni Grill,85044,3,17,0
Circle K,85021,1.5,5,1
Subway Restaurants,85032,3,7,1
Souper Salad,85016,3.5,12,0
Barrio Café,85006,4,1540,1
Gallagher's,85042,3,245,1
Federal Pizza,85012,4.5,989,1
A-Town Grill & Eatery,85048,2.5,9,0
Maskadores Taco shop,85020,4.5,117,1
Taco Bell,85027,4,40,1
On The Border Mexican Grill & Cantina,85044,3.5,292,1
Olive Branch Market,85051,3,5,1
Taco Bell,85021,3,23,1
Carl's Jr 7081,85053,2,24,1
Wendy's,85022,2,52,1
Rosati's Pizza,85018,3,238,1
Mariscos Y Barbacoa La Bella,85008,3,9,1
Safeway,85016,3,11,1
QuikTrip,85024,4,20,1
Two Hippies Breakfast Joint,85013,3,,0
Circle K,85021,2,6,1
Chuy's Mesquite Broiler,85022,3,11,0
La Casita Cafe,85041,5,3,0
Zam Zam World Foods,85008,4,37,0
The Best Ever Subs and More,85050,4.5,13,0
Walgreens,85018,2,18,1
Federico's Mexican Food,85033,2,11,1
Waffle House,85048,3.5,119,1
US Egg,85053,4,276,1
Catabella's Deli &Cafè,85015,5,3,1
San Francisco Chocolate Factory,85020,5,3,1
Waffle House,85048,3.5,119,1
Schreiner's Fine Sausage,85014,4.5,127,1
Trailhead Bike Cafe,85016,4,94,1
Southwest Restaurant Supply,85008,3.5,8,1
Wadaa Street Tacos & Catering,85001,4,364,0
Willie's Taco Joint,85004,4,155,1
Cornish Pasty,85003,,475,1
Caribbean Marketplace Grill,85015,3.5,29,1
Taberna del Tequila,85034,2,71,1
Little Jamaica,85042,2,,1
Uno Mas Mexican Grill,85003,3,5,0
Little King of Kings,85007,4,6,0
